Running phase: unpackPhase
@nix { "action": "setPhase", "phase": "unpackPhase" }
unpacking source archive /nix/store/cc9ygw2ifrp89b763ra0pdzcapcfwp9f-openldap-2.6.13.tgz
source root is openldap-2.6.13
setting SOURCE_DATE_EPOCH to timestamp 1773078344 of file "openldap-2.6.13/libraries/liblunicode/ucdata/uctable.h"
Running phase: patchPhase
@nix { "action": "setPhase", "phase": "patchPhase" }
applying patch /nix/store/f9wnpscladwgb5n0qkl9gai0aghsffs4-test069-sleep.patch
patching file tests/scripts/test069-delta-multiprovider-starttls
Running phase: updateAutotoolsGnuConfigScriptsPhase
@nix { "action": "setPhase", "phase": "updateAutotoolsGnuConfigScriptsPhase" }
Updating Autotools / GNU config script to a newer upstream version: ./build/config.sub
Updating Autotools / GNU config script to a newer upstream version: ./contrib/ldapc++/config.sub
Updating Autotools / GNU config script to a newer upstream version: ./build/config.guess
Updating Autotools / GNU config script to a newer upstream version: ./contrib/ldapc++/config.guess
Running phase: configurePhase
@nix { "action": "setPhase", "phase": "configurePhase" }
fixing libtool script ./build/ltmain.sh
fixing libtool script ./contrib/ldapc++/ltmain.sh
./configure
./contrib/ldapc++/configure
patching script interpreter paths in ./configure
./configure: interpreter directive changed from "#! /bin/sh" to "/nix/store/ksdxvc92sa7h6yppixfl4xyj6632vf0x-bash-5.3p9/bin/sh"
configure flags: --disable-static --prefix=/nix/store/1396zxgd6hvrha86jwvr5c7h885y1v6k-openldap-2.6.13 --bindir=/nix/store/1396zxgd6hvrha86jwvr5c7h885y1v6k-openldap-2.6.13/bin --sbindir=/nix/store/1396zxgd6hvrha86jwvr5c7h885y1v6k-openldap-2.6.13/sbin --includedir=/nix/store/0q5xsmpijg292k5r97ms57w93jiwxrwa-openldap-2.6.13-dev/include --mandir=/nix/store/jvvs9d0bd4ghwmdin17wgl3ziykf4jzm-openldap-2.6.13-man/share/man --infodir=/nix/store/1396zxgd6hvrha86jwvr5c7h885y1v6k-openldap-2.6.13/share/info --docdir=/nix/store/1396zxgd6hvrha86jwvr5c7h885y1v6k-openldap-2.6.13/share/doc/openldap --libdir=/nix/store/1396zxgd6hvrha86jwvr5c7h885y1v6k-openldap-2.6.13/lib --libexecdir=/nix/store/1396zxgd6hvrha86jwvr5c7h885y1v6k-openldap-2.6.13/libexec --localedir=/nix/store/1396zxgd6hvrha86jwvr5c7h885y1v6k-openldap-2.6.13/share/locale --enable-crypt --enable-overlays --enable-spasswd --enable-argon2 --enable-modules
Configuring [1mOpenLDAP 2.6.13-Release[m ...
checking build system type... i686-pc-linux-gnu
checking host system type... i686-pc-linux-gnu
checking target system type... i686-pc-linux-gnu
checking configure arguments... done
checking whether make sets $(MAKE)... yes
checking how to print strings... printf
checking for gcc... gcc
checking whether the C compiler works... yes
checking for C compiler default output file name... a.out
checking for suffix of executables... 
checking whether we are cross compiling... no
checking for suffix of object files... o
checking whether the compiler supports GNU C... yes
checking whether gcc accepts -g... yes
checking for gcc option to enable C11 features... none needed
checking for a sed that does not truncate output... /nix/store/grfx2bhxnd8d1dp5kx1sjj4a8k65f0i9-gnused-4.9/bin/sed
checking for grep that handles long lines and -e... /nix/store/k3883z8hn5hsmmd5x95471h0dsxs0bg9-gnugrep-3.12/bin/grep
checking for egrep... /nix/store/k3883z8hn5hsmmd5x95471h0dsxs0bg9-gnugrep-3.12/bin/grep -E
checking for fgrep... /nix/store/k3883z8hn5hsmmd5x95471h0dsxs0bg9-gnugrep-3.12/bin/grep -F
checking for ld used by gcc... ld
checking if the linker (ld) is GNU ld... yes
checking for BSD- or MS-compatible name lister (nm)... nm
checking the name lister (nm) interface... BSD nm
checking whether ln -s works... yes
checking the maximum length of command line arguments... 1572864
checking how to convert i686-pc-linux-gnu file names to i686-pc-linux-gnu format... func_convert_file_noop
checking how to convert i686-pc-linux-gnu file names to toolchain format... func_convert_file_noop
checking for ld option to reload object files... -r
checking for objdump... objdump
checking how to recognize dependent libraries... (cached) pass_all
checking for dlltool... no
checking how to associate runtime and link libraries... printf %s\n
checking for archiver @FILE support... @
checking for strip... strip
checking for ranlib... ranlib
checking for gawk... gawk
checking command to parse nm output from gcc object... ok
checking for sysroot... no
checking for a working dd... /nix/store/l2z0c4ivxc914j8h8g537zdcyfrbga2h-coreutils-9.11/bin/dd
checking how to truncate binary pipes... /nix/store/l2z0c4ivxc914j8h8g537zdcyfrbga2h-coreutils-9.11/bin/dd bs=4096 count=1
checking for mt... no
checking if : is a manifest tool... no
checking for stdio.h... yes
checking for stdlib.h... yes
checking for string.h... yes
checking for inttypes.h... yes
checking for stdint.h... yes
checking for strings.h... yes
checking for sys/stat.h... yes
checking for sys/types.h... yes
checking for unistd.h... yes
checking for sys/select.h... yes
checking for sys/socket.h... yes
checking for sys/time.h... yes
checking for dlfcn.h... yes
checking for objdir... .libs
checking if gcc supports -fno-rtti -fno-exceptions... no
checking for gcc option to produce PIC... -fPIC -DPIC
checking if gcc PIC flag -fPIC -DPIC works... yes
checking if gcc static flag -static works... no
checking if gcc supports -c -o file.o... yes
checking if gcc supports -c -o file.o... (cached) yes
checking whether the gcc linker (ld) supports shared libraries... yes
checking whether -lc should be explicitly linked in... no
checking dynamic linker characteristics... GNU/Linux ld.so
checking how to hardcode library paths into programs... immediate
checking for shl_load... no
checking for shl_load in -ldld... no
checking for dlopen... yes
checking whether a program can dlopen itself... yes
checking whether a statically linked program can dlopen itself... yes
checking whether stripping libraries is possible... yes
checking if libtool supports shared libraries... yes
checking whether to build shared libraries... yes
checking whether to build static libraries... no
checking how to run the C preprocessor... gcc -E
checking whether we are using MS Visual C++... no
checking for windres... no
checking for be_app in -lbe... no
checking for gcc... (cached) gcc
checking whether the compiler supports GNU C... (cached) yes
checking whether gcc accepts -g... (cached) yes
checking for gcc option to enable C11 features... (cached) none needed
checking for gcc depend flag... -M
checking for afopen in -ls... no
checking for ltdl.h... yes
checking for lt_dlinit in -lltdl... yes
checking for EBCDIC... no
checking for ANSI C header files... yes
checking for dirent.h that defines DIR... yes
checking for library containing opendir... none required
checking for sys/wait.h that is POSIX.1 compatible... yes
checking whether termios.h defines TIOCGWINSZ... no
checking whether sys/ioctl.h defines TIOCGWINSZ... yes
checking for arpa/inet.h... yes
checking for arpa/nameser.h... yes
checking for assert.h... yes
checking for bits/types.h... yes
checking for conio.h... no
checking for crypt.h... yes
checking for direct.h... no
checking for errno.h... yes
checking for fcntl.h... yes
checking for filio.h... no
checking for getopt.h... yes
checking for grp.h... yes
checking for io.h... no
checking for libutil.h... no
checking for limits.h... yes
checking for locale.h... yes
checking for malloc.h... yes
checking for memory.h... yes
checking for psap.h... no
checking for pwd.h... yes
checking for process.h... no
checking for sgtty.h... yes
checking for shadow.h... yes
checking for stddef.h... yes
checking for string.h... (cached) yes
checking for strings.h... (cached) yes
checking for sysexits.h... yes
checking for sys/file.h... yes
checking for sys/filio.h... no
checking for sys/fstyp.h... no
checking for sys/errno.h... yes
checking for sys/ioctl.h... yes
checking for sys/param.h... yes
checking for sys/privgrp.h... no
checking for sys/resource.h... yes
checking for sys/select.h... (cached) yes
checking for sys/socket.h... (cached) yes
checking for sys/stat.h... (cached) yes
checking for sys/syslog.h... yes
checking for sys/time.h... (cached) yes
checking for sys/types.h... (cached) yes
checking for sys/uio.h... yes
checking for sys/vmount.h... no
checking for syslog.h... yes
checking for termios.h... yes
checking for unistd.h... (cached) yes
checking for utime.h... yes
checking for resolv.h... yes
checking for netinet/tcp.h... yes
checking for sys/ucred.h... no
checking for sigaction... yes
checking for sigset... yes
checking for fmemopen... yes
checking for socket... yes
checking for select... yes
checking types of arguments for select... int,fd_set *,struct timeval *
checking for poll... yes
checking for poll.h... yes
checking for sys/poll.h... yes
checking for sys/epoll.h... yes
checking for epoll system call... yes
checking for sys/event.h... no
checking for sys/devpoll.h... no
checking for strerror... yes
checking for strerror_r... yes
checking non-posix strerror_r... no
checking for regex.h... yes
checking for library containing regfree... none required
checking for compatible POSIX regex... yes
checking for sys/uuid.h... no
checking for uuid/uuid.h... no
checking to see if -lrpcrt4 is needed for win32 UUID support... no
checking for resolver link (default)... yes
checking for hstrerror... yes
checking for getaddrinfo... yes
checking for getnameinfo... yes
checking for gai_strerror... yes
checking for inet_ntop... yes
checking INET6_ADDRSTRLEN... yes
checking struct sockaddr_storage... yes
checking for sys/un.h... yes
checking for openssl/ssl.h... yes
checking for SSL_CTX_set_ciphersuites in -lssl... yes
checking for _beginthread... no
checking for pthread.h... yes
checking POSIX thread version... 10
checking for LinuxThreads pthread.h... no
checking for GNU Pth pthread.h... no
checking for sched.h... yes
checking for pthread_create in default libraries... yes
checking for sched_yield... yes
checking for pthread_yield... no
checking for thr_yield... no
checking for pthread_kill... yes
checking for pthread_rwlock_destroy with <pthread.h>... yes
checking for pthread_detach with <pthread.h>... yes
checking for pthread_setconcurrency... yes
checking for pthread_getconcurrency... yes
checking for thr_setconcurrency... no
checking for thr_getconcurrency... no
checking for pthread_kill_other_threads_np... no
checking for LinuxThreads implementation... no
checking for LinuxThreads consistency... no
checking if pthread_create() works... yes
checking if select yields when using pthreads... yes
checking for thread specific errno... yes
checking for thread specific h_errno... yes
checking for ctime_r... yes
checking for gmtime_r... yes
checking for localtime_r... yes
checking for gethostbyname_r... yes
checking for gethostbyaddr_r... yes
checking number of arguments of ctime_r... 2
checking number of arguments of gethostbyname_r... 6
checking number of arguments of gethostbyaddr_r... 8
checking for openlog... yes
checking for sasl/sasl.h... yes
checking for sasl.h... no
checking for sasl_client_init in -lsasl2... yes
checking Cyrus SASL library version... yes
checking for sasl_version... yes
checking for systemd/sd-daemon.h... yes
checking fetch(3) library... no
checking for crypt... no
checking for crypt in -lcrypt... yes
checking for crypt_r in -lcrypt... yes
checking for mode_t... yes
checking for off_t... yes
checking for pid_t... yes
checking for ssize_t... yes
checking for caddr_t... yes
checking for size_t... yes
checking for long long... yes
checking for ptrdiff_t... yes
checking for socklen_t... yes
checking the type of arg 3 to accept()... socklen_t *
checking for sig_atomic_t... yes
checking for uid_t in sys/types.h... yes
checking whether struct tm is in sys/time.h or time.h... time.h
checking for struct stat.st_blksize... yes
checking for struct passwd.pw_gecos... yes
checking for struct passwd.pw_passwd... yes
checking if toupper() requires islower()... no
checking for an ANSI C-conforming const... yes
checking if compiler understands volatile... yes
checking whether byte ordering is bigendian... no
checking size of short... 2
checking size of int... 4
checking size of long... 4
checking size of long long... 8
checking size of wchar_t... 4
checking for working memcmp... yes
checking for strftime... yes
checking for inet_aton()... yes
checking for _spawnlp... no
checking for _snprintf... no
checking for vsnprintf... yes
checking for _vsnprintf... no
checking for vprintf... yes
checking for snprintf... yes
checking for vsnprintf... (cached) yes
checking for bcopy... yes
checking for clock_gettime... yes
checking for closesocket... no
checking for chroot... yes
checking for endgrent... yes
checking for endpwent... yes
checking for fcntl... yes
checking for flock... yes
checking for fstat... yes
checking for getdtablesize... yes
checking for geteuid... yes
checking for getgrgid... yes
checking for gethostname... yes
checking for getpassphrase... no
checking for getpwuid... yes
checking for getpwnam... yes
checking for getspnam... yes
checking for gettimeofday... yes
checking for initgroups... yes
checking for inet_ntoa_b... no
checking for ioctl... yes
checking for lockf... yes
checking for memcpy... yes
checking for memmove... yes
checking for memrchr... yes
checking for mkstemp... yes
checking for mktemp... yes
checking for pipe... yes
checking for read... yes
checking for recv... yes
checking for recvfrom... yes
checking for setpwfile... no
checking for setgid... yes
checking for setegid... yes
checking for setsid... yes
checking for setuid... yes
checking for seteuid... yes
checking for signal... yes
checking for strdup... yes
checking for strpbrk... yes
checking for strrchr... yes
checking for strsep... yes
checking for strstr... yes
checking for strtol... yes
checking for strtoul... yes
checking for strtoq... yes
checking for strtouq... yes
checking for strtoll... yes
checking for strtoull... yes
checking for strspn... yes
checking for sysconf... yes
checking for waitpid... yes
checking for wait4... yes
checking for write... yes
checking for send... yes
checking for sendmsg... yes
checking for sendto... yes
checking for getopt... yes
checking for getpeereid... no
checking for getpeerucred... no
checking for struct msghdr.msg_accrightslen... no
checking for struct msghdr.msg_control... yes
checking for struct stat.st_fstype... no
checking for struct stat.st_vfstype... no
checking for argon2.h... no
checking for sodium.h... yes
checking for crypto_pwhash_str_alg in -lsodium... yes
configure: creating ./config.status
config.status: creating Makefile
config.status: creating doc/Makefile
config.status: creating doc/man/Makefile
config.status: creating doc/man/man1/Makefile
config.status: creating doc/man/man3/Makefile
config.status: creating doc/man/man5/Makefile
config.status: creating doc/man/man8/Makefile
config.status: creating clients/Makefile
config.status: creating clients/tools/Makefile
config.status: creating include/Makefile
config.status: creating libraries/Makefile
config.status: creating libraries/liblber/Makefile
config.status: creating libraries/liblber/lber.pc
config.status: creating libraries/libldap/Makefile
config.status: creating libraries/libldap/ldap.pc
config.status: creating libraries/liblunicode/Makefile
config.status: creating libraries/liblutil/Makefile
config.status: creating libraries/librewrite/Makefile
config.status: creating servers/Makefile
config.status: creating servers/slapd/Makefile
config.status: creating servers/slapd/back-dnssrv/Makefile
config.status: creating servers/slapd/back-ldap/Makefile
config.status: creating servers/slapd/back-ldif/Makefile
config.status: creating servers/slapd/back-mdb/Makefile
config.status: creating servers/slapd/back-meta/Makefile
config.status: creating servers/slapd/back-asyncmeta/Makefile
config.status: creating servers/slapd/back-monitor/Makefile
config.status: creating servers/slapd/back-null/Makefile
config.status: creating servers/slapd/back-passwd/Makefile
config.status: creating servers/slapd/back-perl/Makefile
config.status: creating servers/slapd/back-relay/Makefile
config.status: creating servers/slapd/back-sock/Makefile
config.status: creating servers/slapd/back-sql/Makefile
config.status: creating servers/slapd/back-wt/Makefile
config.status: creating servers/slapd/slapi/Makefile
config.status: creating servers/slapd/overlays/Makefile
config.status: creating servers/slapd/pwmods/Makefile
config.status: creating servers/lloadd/Makefile
config.status: creating tests/Makefile
config.status: creating tests/run
config.status: creating tests/progs/Makefile
config.status: creating include/portable.h
config.status: creating include/ldap_features.h
config.status: creating include/lber_types.h
config.status: executing libtool commands
config.status: executing default commands
Making servers/slapd/backends.c
    Add config ...
    Add ldif ...
    Add monitor ...
    Add mdb ...
    Add relay ...
Making servers/slapd/overlays/statover.c
    Add accesslog ...
    Add auditlog ...
    Add autoca ...
    Add collect ...
    Add constraint ...
    Add dds ...
    Add deref ...
    Add dyngroup ...
    Add dynlist ...
    Add homedir ...
    Add memberof ...
    Add nestgroup ...
    Add otp ...
    Add ppolicy ...
    Add pcache ...
    Add refint ...
    Add remoteauth ...
    Add retcode ...
    Add rwm ...
    Add seqmod ...
    Add sssvlv ...
    Add syncprov ...
    Add translucent ...
    Add unique ...
    Add valsort ...
Please run "make depend" to build dependencies
Running phase: buildPhase
@nix { "action": "setPhase", "phase": "buildPhase" }
build flags: -j16 SHELL=/nix/store/ksdxvc92sa7h6yppixfl4xyj6632vf0x-bash-5.3p9/bin/bash CC=cc STRIP= STRIP_OPTS= prefix=/nix/store/1396zxgd6hvrha86jwvr5c7h885y1v6k-openldap-2.6.13 sysconfdir=/etc systemdsystemunitdir=/nix/store/1396zxgd6hvrha86jwvr5c7h885y1v6k-openldap-2.6.13/lib/systemd/system moduledir=/nix/store/1396zxgd6hvrha86jwvr5c7h885y1v6k-openldap-2.6.13/lib/modules mandir=/nix/store/1396zxgd6hvrha86jwvr5c7h885y1v6k-openldap-2.6.13/share/man
Making all in /build/openldap-2.6.13
  Entering subdirectory include
make[1]: Entering directory '/build/openldap-2.6.13/include'
Making ldap_config.h
make[1]: Leaving directory '/build/openldap-2.6.13/include'
 
  Entering subdirectory libraries
make[1]: Entering directory '/build/openldap-2.6.13/libraries'
Making all in /build/openldap-2.6.13/libraries
  Entering subdirectory liblutil
make[2]: Entering directory '/build/openldap-2.6.13/libraries/liblutil'
rm -f version.c
cc -g -O2 -I../../include        -I../../include       -c -o base64.o base64.c
cc -g -O2 -I../../include        -I../../include       -c -o entropy.o entropy.c
cc -g -O2 -I../../include        -I../../include       -c -o sasl.o sasl.c
cc -g -O2 -I../../include        -I../../include       -c -o signal.o signal.c
cc -g -O2 -I../../include        -I../../include       -c -o hash.o hash.c
cc -g -O2 -I../../include        -I../../include       -c -o passfile.o passfile.c
cc -g -O2 -I../../include        -I../../include       -c -o md5.o md5.c
../../build/mkversion -v "2.6.13" liblutil.a > version.c
cc -g -O2 -I../../include        -I../../include       -c -o passwd.o passwd.c
cc -g -O2 -I../../include        -I../../include       -c -o sha1.o sha1.c
cc -g -O2 -I../../include        -I../../include       -c -o getpass.o getpass.c
cc -g -O2 -I../../include        -I../../include       -c -o lockf.o lockf.c
cc -g -O2 -I../../include        -I../../include       -c -o utils.o utils.c
cc -g -O2 -I../../include        -I../../include       -c -o uuid.o uuid.c
cc -g -O2 -I../../include        -I../../include       -c -o sockpair.o sockpair.c
cc -g -O2 -I../../include        -I../../include       -c -o meter.o meter.c
cc -g -O2 -I../../include        -I../../include       -c -o getpeereid.o getpeereid.c
cc -g -O2 -I../../include        -I../../include       -c -o detach.o detach.c
cc -g -O2 -I../../include        -I../../include       -c -o version.o version.c
ar ru liblutil.a base64.o entropy.o sasl.o signal.o hash.o passfile.o md5.o passwd.o sha1.o getpass.o lockf.o utils.o uuid.o sockpair.o meter.o getpeereid.o detach.o version.o
ar: `u' modifier ignored since `D' is the default (see `U')
ar: creating liblutil.a
make[2]: Leaving directory '/build/openldap-2.6.13/libraries/liblutil'
 
  Entering subdirectory liblber
make[2]: Entering directory '/build/openldap-2.6.13/libraries/liblber'
rm -f version.c
/nix/store/ksdxvc92sa7h6yppixfl4xyj6632vf0x-bash-5.3p9/bin/bash ../../libtool  --mode=compile cc -g -O2 -I../../include -I../../include     -DLBER_LIBRARY -c assert.c
/nix/store/ksdxvc92sa7h6yppixfl4xyj6632vf0x-bash-5.3p9/bin/bash ../../libtool  --mode=compile cc -g -O2 -I../../include -I../../include     -DLBER_LIBRARY -c decode.c
/nix/store/ksdxvc92sa7h6yppixfl4xyj6632vf0x-bash-5.3p9/bin/bash ../../libtool  --mode=compile cc -g -O2 -I../../include -I../../include     -DLBER_LIBRARY -c encode.c
/nix/store/ksdxvc92sa7h6yppixfl4xyj6632vf0x-bash-5.3p9/bin/bash ../../libtool  --mode=compile cc -g -O2 -I../../include -I../../include     -DLBER_LIBRARY -c io.c
/nix/store/ksdxvc92sa7h6yppixfl4xyj6632vf0x-bash-5.3p9/bin/bash ../../libtool  --mode=compile cc -g -O2 -I../../include -I../../include     -DLBER_LIBRARY -c bprint.c
/nix/store/ksdxvc92sa7h6yppixfl4xyj6632vf0x-bash-5.3p9/bin/bash ../../libtool  --mode=compile cc -g -O2 -I../../include -I../../include     -DLBER_LIBRARY -c debug.c
/nix/store/ksdxvc92sa7h6yppixfl4xyj6632vf0x-bash-5.3p9/bin/bash ../../libtool  --mode=compile cc -g -O2 -I../../include -I../../include     -DLBER_LIBRARY -c memory.c
/nix/store/ksdxvc92sa7h6yppixfl4xyj6632vf0x-bash-5.3p9/bin/bash ../../libtool  --mode=compile cc -g -O2 -I../../include -I../../include     -DLBER_LIBRARY -c options.c
../../build/mkversion -v "2.6.13" liblber.la > version.c
/nix/store/ksdxvc92sa7h6yppixfl4xyj6632vf0x-bash-5.3p9/bin/bash ../../libtool  --mode=compile cc -g -O2 -I../../include -I../../include     -DLBER_LIBRARY -c sockbuf.c
/nix/store/ksdxvc92sa7h6yppixfl4xyj6632vf0x-bash-5.3p9/bin/bash ../../libtool  --mode=compile cc -g -O2 -I../../include -I../../include     -DLBER_LIBRARY -c stdio.c
cc -g -O2 -I../../include -I../../include       -c -o dtest.o dtest.c
cc -g -O2 -I../../include -I../../include       -c -o etest.o etest.c
cc -g -O2 -I../../include -I../../include       -c -o idtest.o idtest.c
libtool: compile:  cc -g -O2 -I../../include -I../../include -DLBER_LIBRARY -c encode.c  -fPIC -DPIC -o .libs/encode.o
libtool: compile:  cc -g -O2 -I../../include -I../../include -DLBER_LIBRARY -c debug.c  -fPIC -DPIC -o .libs/debug.o
libtool: compile:  cc -g -O2 -I../../include -I../../include -DLBER_LIBRARY -c sockbuf.c  -fPIC -DPIC -o .libs/sockbuf.o
libtool: compile:  cc -g -O2 -I../../include -I../../include -DLBER_LIBRARY -c bprint.c  -fPIC -DPIC -o .libs/bprint.o
libtool: compile:  cc -g -O2 -I../../include -I../../include -DLBER_LIBRARY -c assert.c  -fPIC -DPIC -o .libs/assert.o
libtool: compile:  cc -g -O2 -I../../include -I../../include -DLBER_LIBRARY -c memory.c  -fPIC -DPIC -o .libs/memory.o
libtool: compile:  cc -g -O2 -I../../include -I../../include -DLBER_LIBRARY -c decode.c  -fPIC -DPIC -o .libs/decode.o
libtool: compile:  cc -g -O2 -I../../include -I../../include -DLBER_LIBRARY -c io.c  -fPIC -DPIC -o .libs/io.o
libtool: compile:  cc -g -O2 -I../../include -I../../include -DLBER_LIBRARY -c options.c  -fPIC -DPIC -o .libs/options.o
libtool: compile:  cc -g -O2 -I../../include -I../../include -DLBER_LIBRARY -c stdio.c  -fPIC -DPIC -o .libs/stdio.o
/nix/store/ksdxvc92sa7h6yppixfl4xyj6632vf0x-bash-5.3p9/bin/bash ../../libtool  --mode=compile cc -g -O2 -I../../include -I../../include     -DLBER_LIBRARY -c version.c
libtool: compile:  cc -g -O2 -I../../include -I../../include -DLBER_LIBRARY -c version.c  -fPIC -DPIC -o .libs/version.o
/nix/store/ksdxvc92sa7h6yppixfl4xyj6632vf0x-bash-5.3p9/bin/bash ../../libtool  --mode=link cc -g -O2    -version-info 2:200:0 -rpath /nix/store/1396zxgd6hvrha86jwvr5c7h885y1v6k-openldap-2.6.13/lib -Wl,--version-script=./lber.map -o liblber.la assert.lo decode.lo encode.lo io.lo bprint.lo debug.lo memory.lo options.lo sockbuf.lo stdio.lo version.lo  
libtool: link: gcc -shared  -fPIC -DPIC  .libs/assert.o .libs/decode.o .libs/encode.o .libs/io.o .libs/bprint.o .libs/debug.o .libs/memory.o .libs/options.o .libs/sockbuf.o .libs/stdio.o .libs/version.o    -g -O2 -Wl,--version-script=./lber.map   -Wl,-soname -Wl,liblber.so.2 -o .libs/liblber.so.2.0.200
libtool: link: (cd ".libs" && rm -f "liblber.so.2" && ln -s "liblber.so.2.0.200" "liblber.so.2")
libtool: link: (cd ".libs" && rm -f "liblber.so" && ln -s "liblber.so.2.0.200" "liblber.so")
libtool: link: ( cd ".libs" && rm -f "liblber.la" && ln -s "../liblber.la" "liblber.la" )
/nix/store/ksdxvc92sa7h6yppixfl4xyj6632vf0x-bash-5.3p9/bin/bash ../../libtool --mode=link cc  -g -O2     -o dtest dtest.o liblber.la ../../libraries/liblutil/liblutil.a   
/nix/store/ksdxvc92sa7h6yppixfl4xyj6632vf0x-bash-5.3p9/bin/bash ../../libtool --mode=link cc  -g -O2     -o etest etest.o liblber.la ../../libraries/liblutil/liblutil.a   
/nix/store/ksdxvc92sa7h6yppixfl4xyj6632vf0x-bash-5.3p9/bin/bash ../../libtool --mode=link cc  -g -O2     -o idtest idtest.o liblber.la ../../libraries/liblutil/liblutil.a   
libtool: link: cc -g -O2 -o .libs/etest etest.o  ./.libs/liblber.so ../../libraries/liblutil/liblutil.a -Wl,-rpath -Wl,/nix/store/1396zxgd6hvrha86jwvr5c7h885y1v6k-openldap-2.6.13/lib
libtool: link: cc -g -O2 -o .libs/dtest dtest.o  ./.libs/liblber.so ../../libraries/liblutil/liblutil.a -Wl,-rpath -Wl,/nix/store/1396zxgd6hvrha86jwvr5c7h885y1v6k-openldap-2.6.13/lib
libtool: link: cc -g -O2 -o .libs/idtest idtest.o  ./.libs/liblber.so ../../libraries/liblutil/liblutil.a -Wl,-rpath -Wl,/nix/store/1396zxgd6hvrha86jwvr5c7h885y1v6k-openldap-2.6.13/lib
make[2]: Leaving directory '/build/openldap-2.6.13/libraries/liblber'
 
  Entering subdirectory liblunicode
make[2]: Entering directory '/build/openldap-2.6.13/libraries/liblunicode'
rm -f version.c
cc -g -O2 -I../../include        -I../../include       -c -o ucstr.o ucstr.c
../../build/mkversion -v "2.6.13" liblunicode.a > version.c
touch .links
cc -g -O2 -I../../include        -I../../include       -c -o ucdata.o ucdata.c
cc -g -O2 -I../../include        -I../../include       -c -o ure.o ure.c
cc -g -O2 -I../../include        -I../../include       -c -o urestubs.o urestubs.c
cc -g -O2 -I../../include        -I../../include       -c -o version.o version.c
ar ru liblunicode.a ucdata.o ure.o urestubs.o ucstr.o version.o
ar: `u' modifier ignored since `D' is the default (see `U')
ar: creating liblunicode.a
make[2]: Leaving directory '/build/openldap-2.6.13/libraries/liblunicode'
 
  Entering subdirectory libldap
make[2]: Entering directory '/build/openldap-2.6.13/libraries/libldap'
rm -f version.c
/nix/store/ksdxvc92sa7h6yppixfl4xyj6632vf0x-bash-5.3p9/bin/bash ../../libtool  --mode=compile cc -g -O2 -I../../include        -I../../include     -DLDAP_LIBRARY -c bind.c
/nix/store/ksdxvc92sa7h6yppixfl4xyj6632vf0x-bash-5.3p9/bin/bash ../../libtool  --mode=compile cc -g -O2 -I../../include        -I../../include     -DLDAP_LIBRARY -c open.c
/nix/store/ksdxvc92sa7h6yppixfl4xyj6632vf0x-bash-5.3p9/bin/bash ../../libtool  --mode=compile cc -g -O2 -I../../include        -I../../include     -DLDAP_LIBRARY -c result.c
/nix/store/ksdxvc92sa7h6yppixfl4xyj6632vf0x-bash-5.3p9/bin/bash ../../libtool  --mode=compile cc -g -O2 -I../../include        -I../../include     -DLDAP_LIBRARY -c error.c
/nix/store/ksdxvc92sa7h6yppixfl4xyj6632vf0x-bash-5.3p9/bin/bash ../../libtool  --mode=compile cc -g -O2 -I../../include        -I../../include     -DLDAP_LIBRARY -c compare.c
/nix/store/ksdxvc92sa7h6yppixfl4xyj6632vf0x-bash-5.3p9/bin/bash ../../libtool  --mode=compile cc -g -O2 -I../../include        -I../../include     -DLDAP_LIBRARY -c search.c
../../build/mkversion -v "2.6.13" libldap.la > version.c
/nix/store/ksdxvc92sa7h6yppixfl4xyj6632vf0x-bash-5.3p9/bin/bash ../../libtool  --mode=compile cc -g -O2 -I../../include        -I../../include     -DLDAP_LIBRARY -c controls.c
/nix/store/ksdxvc92sa7h6yppixfl4xyj6632vf0x-bash-5.3p9/bin/bash ../../libtool  --mode=compile cc -g -O2 -I../../include        -I../../include     -DLDAP_LIBRARY -c messages.c
/nix/store/ksdxvc92sa7h6yppixfl4xyj6632vf0x-bash-5.3p9/bin/bash ../../libtool  --mode=compile cc -g -O2 -I../../include        -I../../include     -DLDAP_LIBRARY -c references.c
/nix/store/ksdxvc92sa7h6yppixfl4xyj6632vf0x-bash-5.3p9/bin/bash ../../libtool  --mode=compile cc -g -O2 -I../../include        -I../../include     -DLDAP_LIBRARY -c extended.c
/nix/store/ksdxvc92sa7h6yppixfl4xyj6632vf0x-bash-5.3p9/bin/bash ../../libtool  --mode=compile cc -g -O2 -I../../include        -I../../include     -DLDAP_LIBRARY -c cyrus.c
/nix/store/ksdxvc92sa7h6yppixfl4xyj6632vf0x-bash-5.3p9/bin/bash ../../libtool  --mode=compile cc -g -O2 -I../../include        -I../../include     -DLDAP_LIBRARY -c modify.c
/nix/store/ksdxvc92sa7h6yppixfl4xyj6632vf0x-bash-5.3p9/bin/bash ../../libtool  --mode=compile cc -g -O2 -I../../include        -I../../include     -DLDAP_LIBRARY -c add.c
/nix/store/ksdxvc92sa7h6yppixfl4xyj6632vf0x-bash-5.3p9/bin/bash ../../libtool  --mode=compile cc -g -O2 -I../../include        -I../../include     -DLDAP_LIBRARY -c modrdn.c
/nix/store/ksdxvc92sa7h6yppixfl4xyj6632vf0x-bash-5.3p9/bin/bash ../../libtool  --mode=compile cc -g -O2 -I../../include        -I../../include     -DLDAP_LIBRARY -c delete.c
/nix/store/ksdxvc92sa7h6yppixfl4xyj6632vf0x-bash-5.3p9/bin/bash ../../libtool  --mode=compile cc -g -O2 -I../../include        -I../../include     -DLDAP_LIBRARY -c abandon.c
libtool: compile:  cc -g -O2 -I../../include -I../../include -DLDAP_LIBRARY -c bind.c  -fPIC -DPIC -o .libs/bind.o
libtool: compile:  cc -g -O2 -I../../include -I../../include -DLDAP_LIBRARY -c compare.c  -fPIC -DPIC -o .libs/compare.o
libtool: compile:  cc -g -O2 -I../../include -I../../include -DLDAP_LIBRARY -c result.c  -fPIC -DPIC -o .libs/result.o
libtool: compile:  cc -g -O2 -I../../include -I../../include -DLDAP_LIBRARY -c search.c  -fPIC -DPIC -o .libs/search.o
libtool: compile:  cc -g -O2 -I../../include -I../../include -DLDAP_LIBRARY -c messages.c  -fPIC -DPIC -o .libs/messages.o
libtool: compile:  cc -g -O2 -I../../include -I../../include -DLDAP_LIBRARY -c controls.c  -fPIC -DPIC -o .libs/controls.o
libtool: compile:  cc -g -O2 -I../../include -I../../include -DLDAP_LIBRARY -c references.c  -fPIC -DPIC -o .libs/references.o
libtool: compile:  cc -g -O2 -I../../include -I../../include -DLDAP_LIBRARY -c error.c  -fPIC -DPIC -o .libs/error.o
libtool: compile:  cc -g -O2 -I../../include -I../../include -DLDAP_LIBRARY -c modify.c  -fPIC -DPIC -o .libs/modify.o
libtool: compile:  cc -g -O2 -I../../include -I../../include -DLDAP_LIBRARY -c add.c  -fPIC -DPIC -o .libs/add.o
libtool: compile:  cc -g -O2 -I../../include -I../../include -DLDAP_LIBRARY -c extended.c  -fPIC -DPIC -o .libs/extended.o
libtool: compile:  cc -g -O2 -I../../include -I../../include -DLDAP_LIBRARY -c cyrus.c  -fPIC -DPIC -o .libs/cyrus.o
libtool: compile:  cc -g -O2 -I../../include -I../../include -DLDAP_LIBRARY -c modrdn.c  -fPIC -DPIC -o .libs/modrdn.o
libtool: compile:  cc -g -O2 -I../../include -I../../include -DLDAP_LIBRARY -c delete.c  -fPIC -DPIC -o .libs/delete.o
libtool: compile:  cc -g -O2 -I../../include -I../../include -DLDAP_LIBRARY -c open.c  -fPIC -DPIC -o .libs/open.o
libtool: compile:  cc -g -O2 -I../../include -I../../include -DLDAP_LIBRARY -c abandon.c  -fPIC -DPIC -o .libs/abandon.o
/nix/store/ksdxvc92sa7h6yppixfl4xyj6632vf0x-bash-5.3p9/bin/bash ../../libtool  --mode=compile cc -g -O2 -I../../include        -I../../include     -DLDAP_LIBRARY -c sasl.c
/nix/store/ksdxvc92sa7h6yppixfl4xyj6632vf0x-bash-5.3p9/bin/bash ../../libtool  --mode=compile cc -g -O2 -I../../include        -I../../include     -DLDAP_LIBRARY -c sbind.c
/nix/store/ksdxvc92sa7h6yppixfl4xyj6632vf0x-bash-5.3p9/bin/bash ../../libtool  --mode=compile cc -g -O2 -I../../include        -I../../include     -DLDAP_LIBRARY -c unbind.c
/nix/store/ksdxvc92sa7h6yppixfl4xyj6632vf0x-bash-5.3p9/bin/bash ../../libtool  --mode=compile cc -g -O2 -I../../include        -I../../include     -DLDAP_LIBRARY -c cancel.c
/nix/store/ksdxvc92sa7h6yppixfl4xyj6632vf0x-bash-5.3p9/bin/bash ../../libtool  --mode=compile cc -g -O2 -I../../include        -I../../include     -DLDAP_LIBRARY -c filter.c
libtool: compile:  cc -g -O2 -I../../include -I../../include -DLDAP_LIBRARY -c sasl.c  -fPIC -DPIC -o .libs/sasl.o
/nix/store/ksdxvc92sa7h6yppixfl4xyj6632vf0x-bash-5.3p9/bin/bash ../../libtool  --mode=compile cc -g -O2 -I../../include        -I../../include     -DLDAP_LIBRARY -c free.c
/nix/store/ksdxvc92sa7h6yppixfl4xyj6632vf0x-bash-5.3p9/bin/bash ../../libtool  --mode=compile cc -g -O2 -I../../include        -I../../include     -DLDAP_LIBRARY -c sort.c
libtool: compile:  cc -g -O2 -I../../include -I../../include -DLDAP_LIBRARY -c sbind.c  -fPIC -DPIC -o .libs/sbind.o
/nix/store/ksdxvc92sa7h6yppixfl4xyj6632vf0x-bash-5.3p9/bin/bash ../../libtool  --mode=compile cc -g -O2 -I../../include        -I../../include     -DLDAP_LIBRARY -c passwd.c
libtool: compile:  cc -g -O2 -I../../include -I../../include -DLDAP_LIBRARY -c filter.c  -fPIC -DPIC -o .libs/filter.o
libtool: compile:  cc -g -O2 -I../../include -I../../include -DLDAP_LIBRARY -c unbind.c  -fPIC -DPIC -o .libs/unbind.o
libtool: compile:  cc -g -O2 -I../../include -I../../include -DLDAP_LIBRARY -c cancel.c  -fPIC -DPIC -o .libs/cancel.o
libtool: compile:  cc -g -O2 -I../../include -I../../include -DLDAP_LIBRARY -c free.c  -fPIC -DPIC -o .libs/free.o
libtool: compile:  cc -g -O2 -I../../include -I../../include -DLDAP_LIBRARY -c sort.c  -fPIC -DPIC -o .libs/sort.o
libtool: compile:  cc -g -O2 -I../../include -I../../include -DLDAP_LIBRARY -c passwd.c  -fPIC -DPIC -o .libs/passwd.o
/nix/store/ksdxvc92sa7h6yppixfl4xyj6632vf0x-bash-5.3p9/bin/bash ../../libtool  --mode=compile cc -g -O2 -I../../include        -I../../include     -DLDAP_LIBRARY -c whoami.c
/nix/store/ksdxvc92sa7h6yppixfl4xyj6632vf0x-bash-5.3p9/bin/bash ../../libtool  --mode=compile cc -g -O2 -I../../include        -I../../include     -DLDAP_LIBRARY -c vc.c
/nix/store/ksdxvc92sa7h6yppixfl4xyj6632vf0x-bash-5.3p9/bin/bash ../../libtool  --mode=compile cc -g -O2 -I../../include        -I../../include     -DLDAP_LIBRARY -c getdn.c
/nix/store/ksdxvc92sa7h6yppixfl4xyj6632vf0x-bash-5.3p9/bin/bash ../../libtool  --mode=compile cc -g -O2 -I../../include        -I../../include     -DLDAP_LIBRARY -c getentry.c
/nix/store/ksdxvc92sa7h6yppixfl4xyj6632vf0x-bash-5.3p9/bin/bash ../../libtool  --mode=compile cc -g -O2 -I../../include        -I../../include     -DLDAP_LIBRARY -c getattr.c
libtool: compile:  cc -g -O2 -I../../include -I../../include -DLDAP_LIBRARY -c whoami.c  -fPIC -DPIC -o .libs/whoami.o
libtool: compile:  cc -g -O2 -I../../include -I../../include -DLDAP_LIBRARY -c getdn.c  -fPIC -DPIC -o .libs/getdn.o
libtool: compile:  cc -g -O2 -I../../include -I../../include -DLDAP_LIBRARY -c vc.c  -fPIC -DPIC -o .libs/vc.o
libtool: compile:  cc -g -O2 -I../../include -I../../include -DLDAP_LIBRARY -c getentry.c  -fPIC -DPIC -o .libs/getentry.o
libtool: compile:  cc -g -O2 -I../../include -I../../include -DLDAP_LIBRARY -c getattr.c  -fPIC -DPIC -o .libs/getattr.o
/nix/store/ksdxvc92sa7h6yppixfl4xyj6632vf0x-bash-5.3p9/bin/bash ../../libtool  --mode=compile cc -g -O2 -I../../include        -I../../include     -DLDAP_LIBRARY -c getvalues.c
/nix/store/ksdxvc92sa7h6yppixfl4xyj6632vf0x-bash-5.3p9/bin/bash ../../libtool  --mode=compile cc -g -O2 -I../../include        -I../../include     -DLDAP_LIBRARY -c addentry.c
libtool: compile:  cc -g -O2 -I../../include -I../../include -DLDAP_LIBRARY -c getvalues.c  -fPIC -DPIC -o .libs/getvalues.o
/nix/store/ksdxvc92sa7h6yppixfl4xyj6632vf0x-bash-5.3p9/bin/bash ../../libtool  --mode=compile cc -g -O2 -I../../include        -I../../include     -DLDAP_LIBRARY -c request.c
/nix/store/ksdxvc92sa7h6yppixfl4xyj6632vf0x-bash-5.3p9/bin/bash ../../libtool  --mode=compile cc -g -O2 -I../../include        -I../../include     -DLDAP_LIBRARY -c os-ip.c
libtool: compile:  cc -g -O2 -I../../include -I../../include -DLDAP_LIBRARY -c addentry.c  -fPIC -DPIC -o .libs/addentry.o
libtool: compile:  cc -g -O2 -I../../include -I../../include -DLDAP_LIBRARY -c request.c  -fPIC -DPIC -o .libs/request.o
libtool: compile:  cc -g -O2 -I../../include -I../../include -DLDAP_LIBRARY -c os-ip.c  -fPIC -DPIC -o .libs/os-ip.o
/nix/store/ksdxvc92sa7h6yppixfl4xyj6632vf0x-bash-5.3p9/bin/bash ../../libtool  --mode=compile cc -g -O2 -I../../include        -I../../include     -DLDAP_LIBRARY -c url.c
/nix/store/ksdxvc92sa7h6yppixfl4xyj6632vf0x-bash-5.3p9/bin/bash ../../libtool  --mode=compile cc -g -O2 -I../../include        -I../../include     -DLDAP_LIBRARY -c pagectrl.c
/nix/store/ksdxvc92sa7h6yppixfl4xyj6632vf0x-bash-5.3p9/bin/bash ../../libtool  --mode=compile cc -g -O2 -I../../include        -I../../include     -DLDAP_LIBRARY -c sortctrl.c
libtool: compile:  cc -g -O2 -I../../include -I../../include -DLDAP_LIBRARY -c url.c  -fPIC -DPIC -o .libs/url.o
/nix/store/ksdxvc92sa7h6yppixfl4xyj6632vf0x-bash-5.3p9/bin/bash ../../libtool  --mode=compile cc -g -O2 -I../../include        -I../../include     -DLDAP_LIBRARY -c vlvctrl.c
libtool: compile:  cc -g -O2 -I../../include -I../../include -DLDAP_LIBRARY -c sortctrl.c  -fPIC -DPIC -o .libs/sortctrl.o
libtool: compile:  cc -g -O2 -I../../include -I../../include -DLDAP_LIBRARY -c pagectrl.c  -fPIC -DPIC -o .libs/pagectrl.o
/nix/store/ksdxvc92sa7h6yppixfl4xyj6632vf0x-bash-5.3p9/bin/bash ../../libtool  --mode=compile cc -g -O2 -I../../include        -I../../include     -DLDAP_LIBRARY -c init.c
libtool: compile:  cc -g -O2 -I../../include -I../../include -DLDAP_LIBRARY -c vlvctrl.c  -fPIC -DPIC -o .libs/vlvctrl.o
libtool: compile:  cc -g -O2 -I../../include -I../../include -DLDAP_LIBRARY -c init.c  -fPIC -DPIC -o .libs/init.o
/nix/store/ksdxvc92sa7h6yppixfl4xyj6632vf0x-bash-5.3p9/bin/bash ../../libtool  --mode=compile cc -g -O2 -I../../include        -I../../include     -DLDAP_LIBRARY -c options.c
/nix/store/ksdxvc92sa7h6yppixfl4xyj6632vf0x-bash-5.3p9/bin/bash ../../libtool  --mode=compile cc -g -O2 -I../../include        -I../../include     -DLDAP_LIBRARY -c print.c
/nix/store/ksdxvc92sa7h6yppixfl4xyj6632vf0x-bash-5.3p9/bin/bash ../../libtool  --mode=compile cc -g -O2 -I../../include        -I../../include     -DLDAP_LIBRARY -c string.c
libtool: compile:  cc -g -O2 -I../../include -I../../include -DLDAP_LIBRARY -c options.c  -fPIC -DPIC -o .libs/options.o
libtool: compile:  cc -g -O2 -I../../include -I../../include -DLDAP_LIBRARY -c string.c  -fPIC -DPIC -o .libs/string.o
/nix/store/ksdxvc92sa7h6yppixfl4xyj6632vf0x-bash-5.3p9/bin/bash ../../libtool  --mode=compile cc -g -O2 -I../../include        -I../../include     -DLDAP_LIBRARY -c util-int.c
/nix/store/ksdxvc92sa7h6yppixfl4xyj6632vf0x-bash-5.3p9/bin/bash ../../libtool  --mode=compile cc -g -O2 -I../../include        -I../../include     -DLDAP_LIBRARY -c schema.c
libtool: compile:  cc -g -O2 -I../../include -I../../include -DLDAP_LIBRARY -c print.c  -fPIC -DPIC -o .libs/print.o
/nix/store/ksdxvc92sa7h6yppixfl4xyj6632vf0x-bash-5.3p9/bin/bash ../../libtool  --mode=compile cc -g -O2 -I../../include        -I../../include     -DLDAP_LIBRARY -c charray.c
libtool: compile:  cc -g -O2 -I../../include -I../../include -DLDAP_LIBRARY -c util-int.c  -fPIC -DPIC -o .libs/util-int.o
libtool: compile:  cc -g -O2 -I../../include -I../../include -DLDAP_LIBRARY -c schema.c  -fPIC -DPIC -o .libs/schema.o
libtool: compile:  cc -g -O2 -I../../include -I../../include -DLDAP_LIBRARY -c charray.c  -fPIC -DPIC -o .libs/charray.o
/nix/store/ksdxvc92sa7h6yppixfl4xyj6632vf0x-bash-5.3p9/bin/bash ../../libtool  --mode=compile cc -g -O2 -I../../include        -I../../include     -DLDAP_LIBRARY -c os-local.c
/nix/store/ksdxvc92sa7h6yppixfl4xyj6632vf0x-bash-5.3p9/bin/bash ../../libtool  --mode=compile cc -g -O2 -I../../include        -I../../include     -DLDAP_LIBRARY -c dnssrv.c
libtool: compile:  cc -g -O2 -I../../include -I../../include -DLDAP_LIBRARY -c os-local.c  -fPIC -DPIC -o .libs/os-local.o
/nix/store/ksdxvc92sa7h6yppixfl4xyj6632vf0x-bash-5.3p9/bin/bash ../../libtool  --mode=compile cc -g -O2 -I../../include        -I../../include     -DLDAP_LIBRARY -c utf-8.c
/nix/store/ksdxvc92sa7h6yppixfl4xyj6632vf0x-bash-5.3p9/bin/bash ../../libtool  --mode=compile cc -g -O2 -I../../include        -I../../include     -DLDAP_LIBRARY -c utf-8-conv.c
libtool: compile:  cc -g -O2 -I../../include -I../../include -DLDAP_LIBRARY -c dnssrv.c  -fPIC -DPIC -o .libs/dnssrv.o
/nix/store/ksdxvc92sa7h6yppixfl4xyj6632vf0x-bash-5.3p9/bin/bash ../../libtool  --mode=compile cc -g -O2 -I../../include        -I../../include     -DLDAP_LIBRARY -c tls2.c
/nix/store/ksdxvc92sa7h6yppixfl4xyj6632vf0x-bash-5.3p9/bin/bash ../../libtool  --mode=compile cc -g -O2 -I../../include        -I../../include     -DLDAP_LIBRARY -c tls_o.c
/nix/store/ksdxvc92sa7h6yppixfl4xyj6632vf0x-bash-5.3p9/bin/bash ../../libtool  --mode=compile cc -g -O2 -I../../include        -I../../include     -DLDAP_LIBRARY -c tls_g.c
libtool: compile:  cc -g -O2 -I../../include -I../../include -DLDAP_LIBRARY -c utf-8-conv.c  -fPIC -DPIC -o .libs/utf-8-conv.o
libtool: compile:  cc -g -O2 -I../../include -I../../include -DLDAP_LIBRARY -c utf-8.c  -fPIC -DPIC -o .libs/utf-8.o
libtool: compile:  cc -g -O2 -I../../include -I../../include -DLDAP_LIBRARY -c tls_o.c  -fPIC -DPIC -o .libs/tls_o.o
libtool: compile:  cc -g -O2 -I../../include -I../../include -DLDAP_LIBRARY -c tls2.c  -fPIC -DPIC -o .libs/tls2.o
libtool: compile:  cc -g -O2 -I../../include -I../../include -DLDAP_LIBRARY -c tls_g.c  -fPIC -DPIC -o .libs/tls_g.o
[01m[Kos-local.c:[m[K In function '[01m[Kldap_pvt_is_socket_ready[m[K':
[01m[Kos-local.c:139:23:[m[K [01;35m[Kwarning: [m[Kignoring return value of '[01m[Kread[m[K' declared with attribute '[01m[K]8;;https://gcc.gnu.org/onlinedocs/gcc-15.2.0/gcc/Common-Function-Attributes.html#index-warn_005funused_005fresult-function-attributewarn_unused_result]8;;[m[K' [[01;35m[K]8;;https://gcc.gnu.org/onlinedocs/gcc-15.2.0/gcc/Warning-Options.html#index-Wno-unused-result-Wunused-result]8;;[m[K]
  139 |                 (void)[01;35m[Kread(s, &ch, 1)[m[K;
      |                       [01;35m[K^~~~~~~~~~~~~~~[m[K
/nix/store/ksdxvc92sa7h6yppixfl4xyj6632vf0x-bash-5.3p9/bin/bash ../../libtool  --mode=compile cc -g -O2 -I../../include        -I../../include     -DLDAP_LIBRARY -c turn.c
/nix/store/ksdxvc92sa7h6yppixfl4xyj6632vf0x-bash-5.3p9/bin/bash ../../libtool  --mode=compile cc -g -O2 -I../../include        -I../../include     -DLDAP_LIBRARY -c ppolicy.c
libtool: compile:  cc -g -O2 -I../../include -I../../include -DLDAP_LIBRARY -c turn.c  -fPIC -DPIC -o .libs/turn.o
/nix/store/ksdxvc92sa7h6yppixfl4xyj6632vf0x-bash-5.3p9/bin/bash ../../libtool  --mode=compile cc -g -O2 -I../../include        -I../../include     -DLDAP_LIBRARY -c dds.c
/nix/store/ksdxvc92sa7h6yppixfl4xyj6632vf0x-bash-5.3p9/bin/bash ../../libtool  --mode=compile cc -g -O2 -I../../include        -I../../include     -DLDAP_LIBRARY -c txn.c
libtool: compile:  cc -g -O2 -I../../include -I../../include -DLDAP_LIBRARY -c ppolicy.c  -fPIC -DPIC -o .libs/ppolicy.o
/nix/store/ksdxvc92sa7h6yppixfl4xyj6632vf0x-bash-5.3p9/bin/bash ../../libtool  --mode=compile cc -g -O2 -I../../include        -I../../include     -DLDAP_LIBRARY -c ldap_sync.c
/nix/store/ksdxvc92sa7h6yppixfl4xyj6632vf0x-bash-5.3p9/bin/bash ../../libtool  --mode=compile cc -g -O2 -I../../include        -I../../include     -DLDAP_LIBRARY -c stctrl.c
libtool: compile:  cc -g -O2 -I../../include -I../../include -DLDAP_LIBRARY -c dds.c  -fPIC -DPIC -o .libs/dds.o
/nix/store/ksdxvc92sa7h6yppixfl4xyj6632vf0x-bash-5.3p9/bin/bash ../../libtool  --mode=compile cc -g -O2 -I../../include        -I../../include     -DLDAP_LIBRARY -c assertion.c
libtool: compile:  cc -g -O2 -I../../include -I../../include -DLDAP_LIBRARY -c txn.c  -fPIC -DPIC -o .libs/txn.o
libtool: compile:  cc -g -O2 -I../../include -I../../include -DLDAP_LIBRARY -c ldap_sync.c  -fPIC -DPIC -o .libs/ldap_sync.o
libtool: compile:  cc -g -O2 -I../../include -I../../include -DLDAP_LIBRARY -c stctrl.c  -fPIC -DPIC -o .libs/stctrl.o
libtool: compile:  cc -g -O2 -I../../include -I../../include -DLDAP_LIBRARY -c assertion.c  -fPIC -DPIC -o .libs/assertion.o
/nix/store/ksdxvc92sa7h6yppixfl4xyj6632vf0x-bash-5.3p9/bin/bash ../../libtool  --mode=compile cc -g -O2 -I../../include        -I../../include     -DLDAP_LIBRARY -c deref.c
/nix/store/ksdxvc92sa7h6yppixfl4xyj6632vf0x-bash-5.3p9/bin/bash ../../libtool  --mode=compile cc -g -O2 -I../../include        -I../../include     -DLDAP_LIBRARY -c ldifutil.c
libtool: compile:  cc -g -O2 -I../../include -I../../include -DLDAP_LIBRARY -c deref.c  -fPIC -DPIC -o .libs/deref.o
/nix/store/ksdxvc92sa7h6yppixfl4xyj6632vf0x-bash-5.3p9/bin/bash ../../libtool  --mode=compile cc -g -O2 -I../../include        -I../../include     -DLDAP_LIBRARY -c ldif.c
libtool: compile:  cc -g -O2 -I../../include -I../../include -DLDAP_LIBRARY -c ldifutil.c  -fPIC -DPIC -o .libs/ldifutil.o
/nix/store/ksdxvc92sa7h6yppixfl4xyj6632vf0x-bash-5.3p9/bin/bash ../../libtool  --mode=compile cc -g -O2 -I../../include        -I../../include     -DLDAP_LIBRARY -c fetch.c
/nix/store/ksdxvc92sa7h6yppixfl4xyj6632vf0x-bash-5.3p9/bin/bash ../../libtool  --mode=compile cc -g -O2 -I../../include        -I../../include     -DLDAP_LIBRARY -c lbase64.c
/nix/store/ksdxvc92sa7h6yppixfl4xyj6632vf0x-bash-5.3p9/bin/bash ../../libtool  --mode=compile cc -g -O2 -I../../include        -I../../include     -DLDAP_LIBRARY -c msctrl.c
/nix/store/ksdxvc92sa7h6yppixfl4xyj6632vf0x-bash-5.3p9/bin/bash ../../libtool  --mode=compile cc -g -O2 -I../../include        -I../../include     -DLDAP_LIBRARY -c psearchctrl.c
libtool: compile:  cc -g -O2 -I../../include -I../../include -DLDAP_LIBRARY -c ldif.c  -fPIC -DPIC -o .libs/ldif.o
libtool: compile:  cc -g -O2 -I../../include -I../../include -DLDAP_LIBRARY -c fetch.c  -fPIC -DPIC -o .libs/fetch.o
/nix/store/ksdxvc92sa7h6yppixfl4xyj6632vf0x-bash-5.3p9/bin/bash ../../libtool  --mode=compile cc -g -O2 -I../../include        -I../../include     -DLDAP_LIBRARY -c threads.c
libtool: compile:  cc -g -O2 -I../../include -I../../include -DLDAP_LIBRARY -c lbase64.c  -fPIC -DPIC -o .libs/lbase64.o
/nix/store/ksdxvc92sa7h6yppixfl4xyj6632vf0x-bash-5.3p9/bin/bash ../../libtool  --mode=compile cc -g -O2 -I../../include        -I../../include     -DLDAP_LIBRARY -c rdwr.c
libtool: compile:  cc -g -O2 -I../../include -I../../include -DLDAP_LIBRARY -c psearchctrl.c  -fPIC -DPIC -o .libs/psearchctrl.o
libtool: compile:  cc -g -O2 -I../../include -I../../include -DLDAP_LIBRARY -c msctrl.c  -fPIC -DPIC -o .libs/msctrl.o
libtool: compile:  cc -g -O2 -I../../include -I../../include -DLDAP_LIBRARY -c threads.c  -fPIC -DPIC -o .libs/threads.o
/nix/store/ksdxvc92sa7h6yppixfl4xyj6632vf0x-bash-5.3p9/bin/bash ../../libtool  --mode=compile cc -g -O2 -I../../include        -I../../include     -DLDAP_LIBRARY -c tpool.c
libtool: compile:  cc -g -O2 -I../../include -I../../include -DLDAP_LIBRARY -c rdwr.c  -fPIC -DPIC -o .libs/rdwr.o
libtool: compile:  cc -g -O2 -I../../include -I../../include -DLDAP_LIBRARY -c tpool.c  -fPIC -DPIC -o .libs/tpool.o
/nix/store/ksdxvc92sa7h6yppixfl4xyj6632vf0x-bash-5.3p9/bin/bash ../../libtool  --mode=compile cc -g -O2 -I../../include        -I../../include     -DLDAP_LIBRARY -c rq.c
/nix/store/ksdxvc92sa7h6yppixfl4xyj6632vf0x-bash-5.3p9/bin/bash ../../libtool  --mode=compile cc -g -O2 -I../../include        -I../../include     -DLDAP_LIBRARY -c thr_posix.c
/nix/store/ksdxvc92sa7h6yppixfl4xyj6632vf0x-bash-5.3p9/bin/bash ../../libtool  --mode=compile cc -g -O2 -I../../include        -I../../include     -DLDAP_LIBRARY -c thr_thr.c
/nix/store/ksdxvc92sa7h6yppixfl4xyj6632vf0x-bash-5.3p9/bin/bash ../../libtool  --mode=compile cc -g -O2 -I../../include        -I../../include     -DLDAP_LIBRARY -c thr_nt.c
libtool: compile:  cc -g -O2 -I../../include -I../../include -DLDAP_LIBRARY -c rq.c  -fPIC -DPIC -o .libs/rq.o
libtool: compile:  cc -g -O2 -I../../include -I../../include -DLDAP_LIBRARY -c thr_posix.c  -fPIC -DPIC -o .libs/thr_posix.o
/nix/store/ksdxvc92sa7h6yppixfl4xyj6632vf0x-bash-5.3p9/bin/bash ../../libtool  --mode=compile cc -g -O2 -I../../include        -I../../include     -DLDAP_LIBRARY -c thr_pth.c
libtool: compile:  cc -g -O2 -I../../include -I../../include -DLDAP_LIBRARY -c thr_thr.c  -fPIC -DPIC -o .libs/thr_thr.o
libtool: compile:  cc -g -O2 -I../../include -I../../include -DLDAP_LIBRARY -c thr_nt.c  -fPIC -DPIC -o .libs/thr_nt.o
/nix/store/ksdxvc92sa7h6yppixfl4xyj6632vf0x-bash-5.3p9/bin/bash ../../libtool  --mode=compile cc -g -O2 -I../../include        -I../../include     -DLDAP_LIBRARY -c thr_debug.c
/nix/store/ksdxvc92sa7h6yppixfl4xyj6632vf0x-bash-5.3p9/bin/bash ../../libtool  --mode=compile cc -g -O2 -I../../include        -I../../include     -DLDAP_LIBRARY -c account_usability.c
/nix/store/ksdxvc92sa7h6yppixfl4xyj6632vf0x-bash-5.3p9/bin/bash ../../libtool  --mode=compile cc -g -O2 -I../../include        -I../../include     -DLDAP_LIBRARY -c avl.c
/nix/store/ksdxvc92sa7h6yppixfl4xyj6632vf0x-bash-5.3p9/bin/bash ../../libtool  --mode=compile cc -g -O2 -I../../include        -I../../include     -DLDAP_LIBRARY -c tavl.c
libtool: compile:  cc -g -O2 -I../../include -I../../include -DLDAP_LIBRARY -c thr_pth.c  -fPIC -DPIC -o .libs/thr_pth.o
cc -g -O2 -I../../include        -I../../include       -c -o apitest.o apitest.c
cc -g -O2 -I../../include        -I../../include       -c -o dntest.o dntest.c
libtool: compile:  cc -g -O2 -I../../include -I../../include -DLDAP_LIBRARY -c thr_debug.c  -fPIC -DPIC -o .libs/thr_debug.o
libtool: compile:  cc -g -O2 -I../../include -I../../include -DLDAP_LIBRARY -c account_usability.c  -fPIC -DPIC -o .libs/account_usability.o
libtool: compile:  cc -g -O2 -I../../include -I../../include -DLDAP_LIBRARY -c avl.c  -fPIC -DPIC -o .libs/avl.o
libtool: compile:  cc -g -O2 -I../../include -I../../include -DLDAP_LIBRARY -c tavl.c  -fPIC -DPIC -o .libs/tavl.o
cc -g -O2 -I../../include        -I../../include       -c -o ftest.o ftest.c
cc -g -O2 -I../../include        -I../../include       -c -o test.o test.c
cc -g -O2 -I../../include        -I../../include       -c -o urltest.o urltest.c
cc -g -O2 -I../../include        -I../../include       -c -o testavl.o testavl.c
/nix/store/ksdxvc92sa7h6yppixfl4xyj6632vf0x-bash-5.3p9/bin/bash ../../libtool  --mode=compile cc -g -O2 -I../../include        -I../../include     -DLDAP_LIBRARY -c version.c
libtool: compile:  cc -g -O2 -I../../include -I../../include -DLDAP_LIBRARY -c version.c  -fPIC -DPIC -o .libs/version.o
/nix/store/ksdxvc92sa7h6yppixfl4xyj6632vf0x-bash-5.3p9/bin/bash ../../libtool  --mode=link cc -g -O2    -version-info 2:200:0 -rpath /nix/store/1396zxgd6hvrha86jwvr5c7h885y1v6k-openldap-2.6.13/lib -Wl,--version-script=./ldap.map -o libldap.la bind.lo open.lo result.lo error.lo compare.lo search.lo controls.lo messages.lo references.lo extended.lo cyrus.lo modify.lo add.lo modrdn.lo delete.lo abandon.lo sasl.lo sbind.lo unbind.lo cancel.lo filter.lo free.lo sort.lo passwd.lo whoami.lo vc.lo getdn.lo getentry.lo getattr.lo getvalues.lo addentry.lo request.lo os-ip.lo url.lo pagectrl.lo sortctrl.lo vlvctrl.lo init.lo options.lo print.lo string.lo util-int.lo schema.lo charray.lo os-local.lo dnssrv.lo utf-8.lo utf-8-conv.lo tls2.lo tls_o.lo tls_g.lo turn.lo ppolicy.lo dds.lo txn.lo ldap_sync.lo stctrl.lo assertion.lo deref.lo ldifutil.lo ldif.lo fetch.lo lbase64.lo msctrl.lo psearchctrl.lo threads.lo rdwr.lo tpool.lo rq.lo thr_posix.lo thr_thr.lo thr_nt.lo thr_pth.lo thr_debug.lo account_usability.lo avl.lo tavl.lo version.lo  ../../libraries/liblber/liblber.la  -lsasl2 -lssl -lcrypto  
libtool: link: gcc -shared  -fPIC -DPIC  .libs/bind.o .libs/open.o .libs/result.o .libs/error.o .libs/compare.o .libs/search.o .libs/controls.o .libs/messages.o .libs/references.o .libs/extended.o .libs/cyrus.o .libs/modify.o .libs/add.o .libs/modrdn.o .libs/delete.o .libs/abandon.o .libs/sasl.o .libs/sbind.o .libs/unbind.o .libs/cancel.o .libs/filter.o .libs/free.o .libs/sort.o .libs/passwd.o .libs/whoami.o .libs/vc.o .libs/getdn.o .libs/getentry.o .libs/getattr.o .libs/getvalues.o .libs/addentry.o .libs/request.o .libs/os-ip.o .libs/url.o .libs/pagectrl.o .libs/sortctrl.o .libs/vlvctrl.o .libs/init.o .libs/options.o .libs/print.o .libs/string.o .libs/util-int.o .libs/schema.o .libs/charray.o .libs/os-local.o .libs/dnssrv.o .libs/utf-8.o .libs/utf-8-conv.o .libs/tls2.o .libs/tls_o.o .libs/tls_g.o .libs/turn.o .libs/ppolicy.o .libs/dds.o .libs/txn.o .libs/ldap_sync.o .libs/stctrl.o .libs/assertion.o .libs/deref.o .libs/ldifutil.o .libs/ldif.o .libs/fetch.o .libs/lbase64.o .libs/msctrl.o .libs/psearchctrl.o .libs/threads.o .libs/rdwr.o .libs/tpool.o .libs/rq.o .libs/thr_posix.o .libs/thr_thr.o .libs/thr_nt.o .libs/thr_pth.o .libs/thr_debug.o .libs/account_usability.o .libs/avl.o .libs/tavl.o .libs/version.o   -Wl,-rpath -Wl,/build/openldap-2.6.13/libraries/liblber/.libs -Wl,-rpath -Wl,/nix/store/rvmiyjr19b6dngxcq7svg7d6gn904pfc-cyrus-sasl-2.1.28/lib -Wl,-rpath -Wl,/nix/store/1396zxgd6hvrha86jwvr5c7h885y1v6k-openldap-2.6.13/lib -Wl,-rpath -Wl,/nix/store/rvmiyjr19b6dngxcq7svg7d6gn904pfc-cyrus-sasl-2.1.28/lib ../../libraries/liblber/.libs/liblber.so /nix/store/rvmiyjr19b6dngxcq7svg7d6gn904pfc-cyrus-sasl-2.1.28/lib/libsasl2.so -lssl -lcrypto  -g -O2 -Wl,--version-script=./ldap.map   -Wl,-soname -Wl,libldap.so.2 -o .libs/libldap.so.2.0.200
libtool: link: (cd ".libs" && rm -f "libldap.so.2" && ln -s "libldap.so.2.0.200" "libldap.so.2")
libtool: link: (cd ".libs" && rm -f "libldap.so" && ln -s "libldap.so.2.0.200" "libldap.so")
libtool: link: ( cd ".libs" && rm -f "libldap.la" && ln -s "../libldap.la" "libldap.la" )
/nix/store/ksdxvc92sa7h6yppixfl4xyj6632vf0x-bash-5.3p9/bin/bash ../../libtool --mode=link cc  -g -O2     -o apitest apitest.o libldap.la ../../libraries/liblber/liblber.la ../../libraries/liblutil/liblutil.a -lsasl2 -lssl -lcrypto  -lcrypt  
/nix/store/ksdxvc92sa7h6yppixfl4xyj6632vf0x-bash-5.3p9/bin/bash ../../libtool --mode=link cc  -g -O2     -o dntest dntest.o libldap.la ../../libraries/liblber/liblber.la ../../libraries/liblutil/liblutil.a -lsasl2 -lssl -lcrypto  -lcrypt  
/nix/store/ksdxvc92sa7h6yppixfl4xyj6632vf0x-bash-5.3p9/bin/bash ../../libtool --mode=link cc  -g -O2     -o ftest ftest.o libldap.la ../../libraries/liblber/liblber.la ../../libraries/liblutil/liblutil.a -lsasl2 -lssl -lcrypto  -lcrypt  
/nix/store/ksdxvc92sa7h6yppixfl4xyj6632vf0x-bash-5.3p9/bin/bash ../../libtool --mode=link cc  -g -O2     -o ltest test.o libldap.la ../../libraries/liblber/liblber.la ../../libraries/liblutil/liblutil.a -lsasl2 -lssl -lcrypto  -lcrypt  
/nix/store/ksdxvc92sa7h6yppixfl4xyj6632vf0x-bash-5.3p9/bin/bash ../../libtool --mode=link cc  -g -O2     -o urltest urltest.o libldap.la ../../libraries/liblber/liblber.la ../../libraries/liblutil/liblutil.a -lsasl2 -lssl -lcrypto  -lcrypt  
/nix/store/ksdxvc92sa7h6yppixfl4xyj6632vf0x-bash-5.3p9/bin/bash ../../libtool --mode=link cc  -g -O2     -o testavl testavl.o libldap.la ../../libraries/liblber/liblber.la ../../libraries/liblutil/liblutil.a -lsasl2 -lssl -lcrypto  -lcrypt  
libtool: link: cc -g -O2 -o .libs/ftest ftest.o  ./.libs/libldap.so /build/openldap-2.6.13/libraries/liblber/.libs/liblber.so ../../libraries/liblber/.libs/liblber.so ../../libraries/liblutil/liblutil.a /nix/store/rvmiyjr19b6dngxcq7svg7d6gn904pfc-cyrus-sasl-2.1.28/lib/libsasl2.so -lssl -lcrypto /nix/store/jwws8kb2mfphcmxhlzh03ikz98hlap3d-libxcrypt-4.5.2/lib/libcrypt.so -Wl,-rpath -Wl,/nix/store/1396zxgd6hvrha86jwvr5c7h885y1v6k-openldap-2.6.13/lib -Wl,-rpath -Wl,/nix/store/rvmiyjr19b6dngxcq7svg7d6gn904pfc-cyrus-sasl-2.1.28/lib -Wl,-rpath -Wl,/nix/store/jwws8kb2mfphcmxhlzh03ikz98hlap3d-libxcrypt-4.5.2/lib
libtool: link: cc -g -O2 -o .libs/urltest urltest.o  ./.libs/libldap.so /build/openldap-2.6.13/libraries/liblber/.libs/liblber.so ../../libraries/liblber/.libs/liblber.so ../../libraries/liblutil/liblutil.a /nix/store/rvmiyjr19b6dngxcq7svg7d6gn904pfc-cyrus-sasl-2.1.28/lib/libsasl2.so -lssl -lcrypto /nix/store/jwws8kb2mfphcmxhlzh03ikz98hlap3d-libxcrypt-4.5.2/lib/libcrypt.so -Wl,-rpath -Wl,/nix/store/1396zxgd6hvrha86jwvr5c7h885y1v6k-openldap-2.6.13/lib -Wl,-rpath -Wl,/nix/store/rvmiyjr19b6dngxcq7svg7d6gn904pfc-cyrus-sasl-2.1.28/lib -Wl,-rpath -Wl,/nix/store/jwws8kb2mfphcmxhlzh03ikz98hlap3d-libxcrypt-4.5.2/lib
libtool: link: cc -g -O2 -o .libs/apitest apitest.o  ./.libs/libldap.so /build/openldap-2.6.13/libraries/liblber/.libs/liblber.so ../../libraries/liblber/.libs/liblber.so ../../libraries/liblutil/liblutil.a /nix/store/rvmiyjr19b6dngxcq7svg7d6gn904pfc-cyrus-sasl-2.1.28/lib/libsasl2.so -lssl -lcrypto /nix/store/jwws8kb2mfphcmxhlzh03ikz98hlap3d-libxcrypt-4.5.2/lib/libcrypt.so -Wl,-rpath -Wl,/nix/store/1396zxgd6hvrha86jwvr5c7h885y1v6k-openldap-2.6.13/lib -Wl,-rpath -Wl,/nix/store/rvmiyjr19b6dngxcq7svg7d6gn904pfc-cyrus-sasl-2.1.28/lib -Wl,-rpath -Wl,/nix/store/jwws8kb2mfphcmxhlzh03ikz98hlap3d-libxcrypt-4.5.2/lib
libtool: link: cc -g -O2 -o .libs/testavl testavl.o  ./.libs/libldap.so /build/openldap-2.6.13/libraries/liblber/.libs/liblber.so ../../libraries/liblber/.libs/liblber.so ../../libraries/liblutil/liblutil.a /nix/store/rvmiyjr19b6dngxcq7svg7d6gn904pfc-cyrus-sasl-2.1.28/lib/libsasl2.so -lssl -lcrypto /nix/store/jwws8kb2mfphcmxhlzh03ikz98hlap3d-libxcrypt-4.5.2/lib/libcrypt.so -Wl,-rpath -Wl,/nix/store/1396zxgd6hvrha86jwvr5c7h885y1v6k-openldap-2.6.13/lib -Wl,-rpath -Wl,/nix/store/rvmiyjr19b6dngxcq7svg7d6gn904pfc-cyrus-sasl-2.1.28/lib -Wl,-rpath -Wl,/nix/store/jwws8kb2mfphcmxhlzh03ikz98hlap3d-libxcrypt-4.5.2/lib
libtool: link: cc -g -O2 -o .libs/ltest test.o  ./.libs/libldap.so /build/openldap-2.6.13/libraries/liblber/.libs/liblber.so ../../libraries/liblber/.libs/liblber.so ../../libraries/liblutil/liblutil.a /nix/store/rvmiyjr19b6dngxcq7svg7d6gn904pfc-cyrus-sasl-2.1.28/lib/libsasl2.so -lssl -lcrypto /nix/store/jwws8kb2mfphcmxhlzh03ikz98hlap3d-libxcrypt-4.5.2/lib/libcrypt.so -Wl,-rpath -Wl,/nix/store/1396zxgd6hvrha86jwvr5c7h885y1v6k-openldap-2.6.13/lib -Wl,-rpath -Wl,/nix/store/rvmiyjr19b6dngxcq7svg7d6gn904pfc-cyrus-sasl-2.1.28/lib -Wl,-rpath -Wl,/nix/store/jwws8kb2mfphcmxhlzh03ikz98hlap3d-libxcrypt-4.5.2/lib
libtool: link: cc -g -O2 -o .libs/dntest dntest.o  ./.libs/libldap.so /build/openldap-2.6.13/libraries/liblber/.libs/liblber.so ../../libraries/liblber/.libs/liblber.so ../../libraries/liblutil/liblutil.a /nix/store/rvmiyjr19b6dngxcq7svg7d6gn904pfc-cyrus-sasl-2.1.28/lib/libsasl2.so -lssl -lcrypto /nix/store/jwws8kb2mfphcmxhlzh03ikz98hlap3d-libxcrypt-4.5.2/lib/libcrypt.so -Wl,-rpath -Wl,/nix/store/1396zxgd6hvrha86jwvr5c7h885y1v6k-openldap-2.6.13/lib -Wl,-rpath -Wl,/nix/store/rvmiyjr19b6dngxcq7svg7d6gn904pfc-cyrus-sasl-2.1.28/lib -Wl,-rpath -Wl,/nix/store/jwws8kb2mfphcmxhlzh03ikz98hlap3d-libxcrypt-4.5.2/lib
make[2]: Leaving directory '/build/openldap-2.6.13/libraries/libldap'
 
  Entering subdirectory librewrite
make[2]: Entering directory '/build/openldap-2.6.13/libraries/librewrite'
rm -f version.c
cc -g -O2 -I../../include        -I../../include       -c -o config.o config.c
cc -g -O2 -I../../include        -I../../include       -c -o context.o context.c
cc -g -O2 -I../../include        -I../../include       -c -o info.o info.c
cc -g -O2 -I../../include        -I../../include       -c -o ldapmap.o ldapmap.c
cc -g -O2 -I../../include        -I../../include       -c -o map.o map.c
cc -g -O2 -I../../include        -I../../include       -c -o params.o params.c
cc -g -O2 -I../../include        -I../../include       -c -o rule.o rule.c
../../build/mkversion -v "2.6.13" librewrite.a > version.c
cc -g -O2 -I../../include        -I../../include       -c -o session.o session.c
cc -g -O2 -I../../include        -I../../include       -c -o subst.o subst.c
cc -g -O2 -I../../include        -I../../include       -c -o var.o var.c
cc -g -O2 -I../../include        -I../../include       -c -o xmap.o xmap.c
cc -g -O2 -I../../include        -I../../include       -c -o escapemap.o escapemap.c
cc -g -O2 -I../../include        -I../../include       -c -o rewrite.o rewrite.c
cc -g -O2 -I../../include        -I../../include       -c -o parse.o parse.c
cc -g -O2 -I../../include        -I../../include       -c -o version.o version.c
ar ru librewrite.a config.o context.o info.o ldapmap.o map.o params.o rule.o session.o subst.o var.o xmap.o escapemap.o version.o
ar: `u' modifier ignored since `D' is the default (see `U')
ar: creating librewrite.a
/nix/store/ksdxvc92sa7h6yppixfl4xyj6632vf0x-bash-5.3p9/bin/bash ../../libtool --mode=link cc  -g -O2     -o rewrite rewrite.o parse.o librewrite.a ../../libraries/liblutil/liblutil.a ../../libraries/libldap/libldap.la ../../libraries/liblber/liblber.la -lsasl2 -lssl -lcrypto  -lcrypt  
libtool: link: cc -g -O2 -o .libs/rewrite rewrite.o parse.o  librewrite.a ../../libraries/liblutil/liblutil.a ../../libraries/libldap/.libs/libldap.so /build/openldap-2.6.13/libraries/liblber/.libs/liblber.so ../../libraries/liblber/.libs/liblber.so /nix/store/rvmiyjr19b6dngxcq7svg7d6gn904pfc-cyrus-sasl-2.1.28/lib/libsasl2.so -lssl -lcrypto /nix/store/jwws8kb2mfphcmxhlzh03ikz98hlap3d-libxcrypt-4.5.2/lib/libcrypt.so -Wl,-rpath -Wl,/nix/store/1396zxgd6hvrha86jwvr5c7h885y1v6k-openldap-2.6.13/lib -Wl,-rpath -Wl,/nix/store/rvmiyjr19b6dngxcq7svg7d6gn904pfc-cyrus-sasl-2.1.28/lib -Wl,-rpath -Wl,/nix/store/jwws8kb2mfphcmxhlzh03ikz98hlap3d-libxcrypt-4.5.2/lib
make[2]: Leaving directory '/build/openldap-2.6.13/libraries/librewrite'
 
make[1]: Leaving directory '/build/openldap-2.6.13/libraries'
 
  Entering subdirectory clients
make[1]: Entering directory '/build/openldap-2.6.13/clients'
Making all in /build/openldap-2.6.13/clients
  Entering subdirectory tools
make[2]: Entering directory '/build/openldap-2.6.13/clients/tools'
cc -g -O2 -I../../include        -I../../include       -c -o ldapsearch.o ldapsearch.c
cc -g -O2 -I../../include        -I../../include       -c -o common.o common.c
cc -g -O2 -I../../include        -I../../include       -c -o ldapmodify.o ldapmodify.c
../../build/mkversion -v "2.6.13" -s ldapsearch > ldsversion.c
cc -g -O2 -I../../include        -I../../include       -c -o ldapdelete.o ldapdelete.c
cc -g -O2 -I../../include        -I../../include       -c -o ldapmodrdn.o ldapmodrdn.c
cc -g -O2 -I../../include        -I../../include       -c -o ldappasswd.o ldappasswd.c
../../build/mkversion -v "2.6.13" -s ldapmodify > ldmversion.c
../../build/mkversion -v "2.6.13" -s ldapdelete > lddversion.c
cc -g -O2 -I../../include        -I../../include       -c -o ldapwhoami.o ldapwhoami.c
../../build/mkversion -v "2.6.13" -s ldapmodrdn > ldrversion.c
../../build/mkversion -v "2.6.13" -s ldappasswd > ldpversion.c
../../build/mkversion -v "2.6.13" -s ldapwhoami > ldwversion.c
cc -g -O2 -I../../include        -I../../include       -c -o ldapvc.o ldapvc.c
../../build/mkversion -v "2.6.13" -s ldapvc > ldvversion.c
cc -g -O2 -I../../include        -I../../include       -c -o ldapcompare.o ldapcompare.c
cc -g -O2 -I../../include        -I../../include       -c -o ldapexop.o ldapexop.c
../../build/mkversion -v "2.6.13" -s ldapcompare > ldcversion.c
cc -g -O2 -I../../include        -I../../include       -c -o ldapurl.o ldapurl.c
../../build/mkversion -v "2.6.13" -s ldapexop > ldeversion.c
../../build/mkversion -v "2.6.13" -s ldapurl > lduversion.c
cc -g -O2 -I../../include        -I../../include       -c -o lduversion.o lduversion.c
/nix/store/ksdxvc92sa7h6yppixfl4xyj6632vf0x-bash-5.3p9/bin/bash ../../libtool --mode=link cc  -g -O2     -o ldapurl ldapurl.o lduversion.o ../../libraries/liblutil/liblutil.a ../../libraries/libldap/libldap.la ../../libraries/liblber/liblber.la -lsasl2 -lssl -lcrypto  -lcrypt   
libtool: link: cc -g -O2 -o .libs/ldapurl ldapurl.o lduversion.o  ../../libraries/liblutil/liblutil.a ../../libraries/libldap/.libs/libldap.so /build/openldap-2.6.13/libraries/liblber/.libs/liblber.so ../../libraries/liblber/.libs/liblber.so /nix/store/rvmiyjr19b6dngxcq7svg7d6gn904pfc-cyrus-sasl-2.1.28/lib/libsasl2.so -lssl -lcrypto /nix/store/jwws8kb2mfphcmxhlzh03ikz98hlap3d-libxcrypt-4.5.2/lib/libcrypt.so -Wl,-rpath -Wl,/nix/store/1396zxgd6hvrha86jwvr5c7h885y1v6k-openldap-2.6.13/lib -Wl,-rpath -Wl,/nix/store/rvmiyjr19b6dngxcq7svg7d6gn904pfc-cyrus-sasl-2.1.28/lib -Wl,-rpath -Wl,/nix/store/jwws8kb2mfphcmxhlzh03ikz98hlap3d-libxcrypt-4.5.2/lib
cc -g -O2 -I../../include        -I../../include       -c -o ldsversion.o ldsversion.c
cc -g -O2 -I../../include        -I../../include       -c -o ldmversion.o ldmversion.c
cc -g -O2 -I../../include        -I../../include       -c -o lddversion.o lddversion.c
cc -g -O2 -I../../include        -I../../include       -c -o ldrversion.o ldrversion.c
cc -g -O2 -I../../include        -I../../include       -c -o ldpversion.o ldpversion.c
cc -g -O2 -I../../include        -I../../include       -c -o ldwversion.o ldwversion.c
cc -g -O2 -I../../include        -I../../include       -c -o ldvversion.o ldvversion.c
cc -g -O2 -I../../include        -I../../include       -c -o ldcversion.o ldcversion.c
cc -g -O2 -I../../include        -I../../include       -c -o ldeversion.o ldeversion.c
/nix/store/ksdxvc92sa7h6yppixfl4xyj6632vf0x-bash-5.3p9/bin/bash ../../libtool --mode=link cc  -g -O2     -o ldappasswd ldappasswd.o common.o ldpversion.o ../../libraries/liblutil/liblutil.a ../../libraries/libldap/libldap.la ../../libraries/liblber/liblber.la -lsasl2 -lssl -lcrypto  -lcrypt   
/nix/store/ksdxvc92sa7h6yppixfl4xyj6632vf0x-bash-5.3p9/bin/bash ../../libtool --mode=link cc  -g -O2     -o ldapwhoami ldapwhoami.o common.o ldwversion.o ../../libraries/liblutil/liblutil.a ../../libraries/libldap/libldap.la ../../libraries/liblber/liblber.la -lsasl2 -lssl -lcrypto  -lcrypt   
/nix/store/ksdxvc92sa7h6yppixfl4xyj6632vf0x-bash-5.3p9/bin/bash ../../libtool --mode=link cc  -g -O2     -o ldapvc ldapvc.o common.o ldvversion.o ../../libraries/liblutil/liblutil.a ../../libraries/libldap/libldap.la ../../libraries/liblber/liblber.la -lsasl2 -lssl -lcrypto  -lcrypt   
/nix/store/ksdxvc92sa7h6yppixfl4xyj6632vf0x-bash-5.3p9/bin/bash ../../libtool --mode=link cc  -g -O2     -o ldapcompare ldapcompare.o common.o ldcversion.o ../../libraries/liblutil/liblutil.a ../../libraries/libldap/libldap.la ../../libraries/liblber/liblber.la -lsasl2 -lssl -lcrypto  -lcrypt   
/nix/store/ksdxvc92sa7h6yppixfl4xyj6632vf0x-bash-5.3p9/bin/bash ../../libtool --mode=link cc  -g -O2     -o ldapmodify ldapmodify.o common.o ldmversion.o ../../libraries/liblutil/liblutil.a ../../libraries/libldap/libldap.la ../../libraries/liblber/liblber.la -lsasl2 -lssl -lcrypto  -lcrypt   
/nix/store/ksdxvc92sa7h6yppixfl4xyj6632vf0x-bash-5.3p9/bin/bash ../../libtool --mode=link cc  -g -O2     -o ldapdelete ldapdelete.o common.o lddversion.o ../../libraries/liblutil/liblutil.a ../../libraries/libldap/libldap.la ../../libraries/liblber/liblber.la -lsasl2 -lssl -lcrypto  -lcrypt   
/nix/store/ksdxvc92sa7h6yppixfl4xyj6632vf0x-bash-5.3p9/bin/bash ../../libtool --mode=link cc  -g -O2     -o ldapsearch ldapsearch.o common.o ldsversion.o ../../libraries/liblutil/liblutil.a ../../libraries/libldap/libldap.la ../../libraries/liblber/liblber.la -lsasl2 -lssl -lcrypto  -lcrypt   
/nix/store/ksdxvc92sa7h6yppixfl4xyj6632vf0x-bash-5.3p9/bin/bash ../../libtool --mode=link cc  -g -O2     -o ldapexop ldapexop.o common.o ldeversion.o ../../libraries/liblutil/liblutil.a ../../libraries/libldap/libldap.la ../../libraries/liblber/liblber.la -lsasl2 -lssl -lcrypto  -lcrypt   
/nix/store/ksdxvc92sa7h6yppixfl4xyj6632vf0x-bash-5.3p9/bin/bash ../../libtool --mode=link cc  -g -O2     -o ldapmodrdn ldapmodrdn.o common.o ldrversion.o ../../libraries/liblutil/liblutil.a ../../libraries/libldap/libldap.la ../../libraries/liblber/liblber.la -lsasl2 -lssl -lcrypto  -lcrypt   
libtool: link: cc -g -O2 -o .libs/ldapwhoami ldapwhoami.o common.o ldwversion.o  ../../libraries/liblutil/liblutil.a ../../libraries/libldap/.libs/libldap.so /build/openldap-2.6.13/libraries/liblber/.libs/liblber.so ../../libraries/liblber/.libs/liblber.so /nix/store/rvmiyjr19b6dngxcq7svg7d6gn904pfc-cyrus-sasl-2.1.28/lib/libsasl2.so -lssl -lcrypto /nix/store/jwws8kb2mfphcmxhlzh03ikz98hlap3d-libxcrypt-4.5.2/lib/libcrypt.so -Wl,-rpath -Wl,/nix/store/1396zxgd6hvrha86jwvr5c7h885y1v6k-openldap-2.6.13/lib -Wl,-rpath -Wl,/nix/store/rvmiyjr19b6dngxcq7svg7d6gn904pfc-cyrus-sasl-2.1.28/lib -Wl,-rpath -Wl,/nix/store/jwws8kb2mfphcmxhlzh03ikz98hlap3d-libxcrypt-4.5.2/lib
libtool: link: cc -g -O2 -o .libs/ldapcompare ldapcompare.o common.o ldcversion.o  ../../libraries/liblutil/liblutil.a ../../libraries/libldap/.libs/libldap.so /build/openldap-2.6.13/libraries/liblber/.libs/liblber.so ../../libraries/liblber/.libs/liblber.so /nix/store/rvmiyjr19b6dngxcq7svg7d6gn904pfc-cyrus-sasl-2.1.28/lib/libsasl2.so -lssl -lcrypto /nix/store/jwws8kb2mfphcmxhlzh03ikz98hlap3d-libxcrypt-4.5.2/lib/libcrypt.so -Wl,-rpath -Wl,/nix/store/1396zxgd6hvrha86jwvr5c7h885y1v6k-openldap-2.6.13/lib -Wl,-rpath -Wl,/nix/store/rvmiyjr19b6dngxcq7svg7d6gn904pfc-cyrus-sasl-2.1.28/lib -Wl,-rpath -Wl,/nix/store/jwws8kb2mfphcmxhlzh03ikz98hlap3d-libxcrypt-4.5.2/lib
libtool: link: cc -g -O2 -o .libs/ldapmodify ldapmodify.o common.o ldmversion.o  ../../libraries/liblutil/liblutil.a ../../libraries/libldap/.libs/libldap.so /build/openldap-2.6.13/libraries/liblber/.libs/liblber.so ../../libraries/liblber/.libs/liblber.so /nix/store/rvmiyjr19b6dngxcq7svg7d6gn904pfc-cyrus-sasl-2.1.28/lib/libsasl2.so -lssl -lcrypto /nix/store/jwws8kb2mfphcmxhlzh03ikz98hlap3d-libxcrypt-4.5.2/lib/libcrypt.so -Wl,-rpath -Wl,/nix/store/1396zxgd6hvrha86jwvr5c7h885y1v6k-openldap-2.6.13/lib -Wl,-rpath -Wl,/nix/store/rvmiyjr19b6dngxcq7svg7d6gn904pfc-cyrus-sasl-2.1.28/lib -Wl,-rpath -Wl,/nix/store/jwws8kb2mfphcmxhlzh03ikz98hlap3d-libxcrypt-4.5.2/lib
libtool: link: cc -g -O2 -o .libs/ldappasswd ldappasswd.o common.o ldpversion.o  ../../libraries/liblutil/liblutil.a ../../libraries/libldap/.libs/libldap.so /build/openldap-2.6.13/libraries/liblber/.libs/liblber.so ../../libraries/liblber/.libs/liblber.so /nix/store/rvmiyjr19b6dngxcq7svg7d6gn904pfc-cyrus-sasl-2.1.28/lib/libsasl2.so -lssl -lcrypto /nix/store/jwws8kb2mfphcmxhlzh03ikz98hlap3d-libxcrypt-4.5.2/lib/libcrypt.so -Wl,-rpath -Wl,/nix/store/1396zxgd6hvrha86jwvr5c7h885y1v6k-openldap-2.6.13/lib -Wl,-rpath -Wl,/nix/store/rvmiyjr19b6dngxcq7svg7d6gn904pfc-cyrus-sasl-2.1.28/lib -Wl,-rpath -Wl,/nix/store/jwws8kb2mfphcmxhlzh03ikz98hlap3d-libxcrypt-4.5.2/lib
libtool: link: cc -g -O2 -o .libs/ldapsearch ldapsearch.o common.o ldsversion.o  ../../libraries/liblutil/liblutil.a ../../libraries/libldap/.libs/libldap.so /build/openldap-2.6.13/libraries/liblber/.libs/liblber.so ../../libraries/liblber/.libs/liblber.so /nix/store/rvmiyjr19b6dngxcq7svg7d6gn904pfc-cyrus-sasl-2.1.28/lib/libsasl2.so -lssl -lcrypto /nix/store/jwws8kb2mfphcmxhlzh03ikz98hlap3d-libxcrypt-4.5.2/lib/libcrypt.so -Wl,-rpath -Wl,/nix/store/1396zxgd6hvrha86jwvr5c7h885y1v6k-openldap-2.6.13/lib -Wl,-rpath -Wl,/nix/store/rvmiyjr19b6dngxcq7svg7d6gn904pfc-cyrus-sasl-2.1.28/lib -Wl,-rpath -Wl,/nix/store/jwws8kb2mfphcmxhlzh03ikz98hlap3d-libxcrypt-4.5.2/lib
libtool: link: cc -g -O2 -o .libs/ldapdelete ldapdelete.o common.o lddversion.o  ../../libraries/liblutil/liblutil.a ../../libraries/libldap/.libs/libldap.so /build/openldap-2.6.13/libraries/liblber/.libs/liblber.so ../../libraries/liblber/.libs/liblber.so /nix/store/rvmiyjr19b6dngxcq7svg7d6gn904pfc-cyrus-sasl-2.1.28/lib/libsasl2.so -lssl -lcrypto /nix/store/jwws8kb2mfphcmxhlzh03ikz98hlap3d-libxcrypt-4.5.2/lib/libcrypt.so -Wl,-rpath -Wl,/nix/store/1396zxgd6hvrha86jwvr5c7h885y1v6k-openldap-2.6.13/lib -Wl,-rpath -Wl,/nix/store/rvmiyjr19b6dngxcq7svg7d6gn904pfc-cyrus-sasl-2.1.28/lib -Wl,-rpath -Wl,/nix/store/jwws8kb2mfphcmxhlzh03ikz98hlap3d-libxcrypt-4.5.2/lib
libtool: link: cc -g -O2 -o .libs/ldapmodrdn ldapmodrdn.o common.o ldrversion.o  ../../libraries/liblutil/liblutil.a ../../libraries/libldap/.libs/libldap.so /build/openldap-2.6.13/libraries/liblber/.libs/liblber.so ../../libraries/liblber/.libs/liblber.so /nix/store/rvmiyjr19b6dngxcq7svg7d6gn904pfc-cyrus-sasl-2.1.28/lib/libsasl2.so -lssl -lcrypto /nix/store/jwws8kb2mfphcmxhlzh03ikz98hlap3d-libxcrypt-4.5.2/lib/libcrypt.so -Wl,-rpath -Wl,/nix/store/1396zxgd6hvrha86jwvr5c7h885y1v6k-openldap-2.6.13/lib -Wl,-rpath -Wl,/nix/store/rvmiyjr19b6dngxcq7svg7d6gn904pfc-cyrus-sasl-2.1.28/lib -Wl,-rpath -Wl,/nix/store/jwws8kb2mfphcmxhlzh03ikz98hlap3d-libxcrypt-4.5.2/lib
libtool: link: cc -g -O2 -o .libs/ldapvc ldapvc.o common.o ldvversion.o  ../../libraries/liblutil/liblutil.a ../../libraries/libldap/.libs/libldap.so /build/openldap-2.6.13/libraries/liblber/.libs/liblber.so ../../libraries/liblber/.libs/liblber.so /nix/store/rvmiyjr19b6dngxcq7svg7d6gn904pfc-cyrus-sasl-2.1.28/lib/libsasl2.so -lssl -lcrypto /nix/store/jwws8kb2mfphcmxhlzh03ikz98hlap3d-libxcrypt-4.5.2/lib/libcrypt.so -Wl,-rpath -Wl,/nix/store/1396zxgd6hvrha86jwvr5c7h885y1v6k-openldap-2.6.13/lib -Wl,-rpath -Wl,/nix/store/rvmiyjr19b6dngxcq7svg7d6gn904pfc-cyrus-sasl-2.1.28/lib -Wl,-rpath -Wl,/nix/store/jwws8kb2mfphcmxhlzh03ikz98hlap3d-libxcrypt-4.5.2/lib
libtool: link: cc -g -O2 -o .libs/ldapexop ldapexop.o common.o ldeversion.o  ../../libraries/liblutil/liblutil.a ../../libraries/libldap/.libs/libldap.so /build/openldap-2.6.13/libraries/liblber/.libs/liblber.so ../../libraries/liblber/.libs/liblber.so /nix/store/rvmiyjr19b6dngxcq7svg7d6gn904pfc-cyrus-sasl-2.1.28/lib/libsasl2.so -lssl -lcrypto /nix/store/jwws8kb2mfphcmxhlzh03ikz98hlap3d-libxcrypt-4.5.2/lib/libcrypt.so -Wl,-rpath -Wl,/nix/store/1396zxgd6hvrha86jwvr5c7h885y1v6k-openldap-2.6.13/lib -Wl,-rpath -Wl,/nix/store/rvmiyjr19b6dngxcq7svg7d6gn904pfc-cyrus-sasl-2.1.28/lib -Wl,-rpath -Wl,/nix/store/jwws8kb2mfphcmxhlzh03ikz98hlap3d-libxcrypt-4.5.2/lib
make[2]: Leaving directory '/build/openldap-2.6.13/clients/tools'
 
make[1]: Leaving directory '/build/openldap-2.6.13/clients'
 
  Entering subdirectory servers
make[1]: Entering directory '/build/openldap-2.6.13/servers'
Making all in /build/openldap-2.6.13/servers
  Entering subdirectory slapd
make[2]: Entering directory '/build/openldap-2.6.13/servers/slapd'
cd overlays && make -j16 --jobserver-auth=fifo:/build/GMfifo9156 static
cc -g -O2 -I../../include -I. -I./slapi -I. -I../../include       -c -o main.o main.c
building static backends...
 
  cd back-ldif && make -j16 --jobserver-auth=fifo:/build/GMfifo9156 all
cc -g -O2 -I../../include -I. -I./slapi -I. -I../../include       -c -o globals.o globals.c
cc -g -O2 -I../../include -I. -I./slapi -I. -I../../include       -c -o bconfig.o bconfig.c
cc -g -O2 -I../../include -I. -I./slapi -I. -I../../include       -c -o config.o config.c
make[3]: Entering directory '/build/openldap-2.6.13/servers/slapd/overlays'
make[3]: warning: -j16 forced in submake: resetting jobserver mode.
make[3]: Entering directory '/build/openldap-2.6.13/servers/slapd/back-ldif'
make[3]: warning: -j16 forced in submake: resetting jobserver mode.
cc -g -O2 -I../../include -I. -I./slapi -I. -I../../include       -c -o daemon.o daemon.c
cc -g -O2 -I../../include -I. -I./slapi -I. -I../../include       -c -o connection.o connection.c
cc -g -O2 -I../../../include        -I../../../include -I.. -I./..      -c -o statover.o statover.c
../../build/mkversion -v "2.6.13" -s -n Versionstr slapd > version.c
cc -g -O2 -I../../include -I. -I./slapi -I. -I../../include       -c -o search.o search.c
cc -g -O2 -I../../../include        -I../../../include -I.. -I./..      -c -o accesslog.o accesslog.c
rm -f version.c
cc -g -O2 -I../../../include        -I../../../include -I.. -I./..      -c -o auditlog.o auditlog.c
/nix/store/ksdxvc92sa7h6yppixfl4xyj6632vf0x-bash-5.3p9/bin/bash ../../../libtool --tag=disable-shared --mode=compile cc -g -O2 -I../../../include        -I../../../include -I.. -I./..     -c ldif.c
cc -g -O2 -I../../include -I. -I./slapi -I. -I../../include       -c -o filter.o filter.c
cc -g -O2 -I../../../include        -I../../../include -I.. -I./..      -c -o autoca.o autoca.c
cc -g -O2 -I../../include -I. -I./slapi -I. -I../../include       -c -o add.o add.c
cc -g -O2 -I../../include -I. -I./slapi -I. -I../../include       -c -o cr.o cr.c
cc -g -O2 -I../../include -I. -I./slapi -I. -I../../include       -c -o attr.o attr.c
cc -g -O2 -I../../../include        -I../../../include -I.. -I./..      -c -o collect.o collect.c
../../../build/mkversion -v "2.6.13" back_ldif > version.c
cc -g -O2 -I../../../include        -I../../../include -I.. -I./..      -c -o constraint.o constraint.c
cc -g -O2 -I../../../include        -I../../../include -I.. -I./..      -c -o dds.o dds.c
cc -g -O2 -I../../include -I. -I./slapi -I. -I../../include       -c -o entry.o entry.c
cc -g -O2 -I../../include -I. -I./slapi -I. -I../../include       -c -o backend.o backend.c
cc -g -O2 -I../../include -I. -I./slapi -I. -I../../include       -c -o backends.o backends.c
cc -g -O2 -I../../../include        -I../../../include -I.. -I./..      -c -o deref.o deref.c
cc -g -O2 -I../../../include        -I../../../include -I.. -I./..      -c -o dyngroup.o dyngroup.c
cc -g -O2 -I../../../include        -I../../../include -I.. -I./..      -c -o dynlist.o dynlist.c
cc -g -O2 -I../../../include        -I../../../include -I.. -I./..      -c -o homedir.o homedir.c
cc -g -O2 -I../../../include        -I../../../include -I.. -I./..      -c -o memberof.o memberof.c
cc -g -O2 -I../../../include        -I../../../include -I.. -I./..      -c -o nestgroup.o nestgroup.c
cc -g -O2 -I../../../include        -I../../../include -I.. -I./..      -c -o otp.o otp.c
cc -g -O2 -I../../../include        -I../../../include -I.. -I./..      -c -o ppolicy.o ppolicy.c
cc -g -O2 -I../../../include        -I../../../include -I.. -I./..      -c -o pcache.o pcache.c
libtool: compile:  cc -g -O2 -I../../../include -I../../../include -I.. -I./.. -c ldif.c -o ldif.o
cc -g -O2 -I../../../include        -I../../../include -I.. -I./..      -c -o refint.o refint.c
cc -g -O2 -I../../include -I. -I./slapi -I. -I../../include       -c -o result.o result.c
cc -g -O2 -I../../include -I. -I./slapi -I. -I../../include       -c -o operation.o operation.c
[01m[Kmain.c:[m[K In function '[01m[Kmain[m[K':
[01m[Kmain.c:858:17:[m[K [01;35m[Kwarning: [m[Kignoring return value of '[01m[Kwrite[m[K' declared with attribute '[01m[K]8;;https://gcc.gnu.org/onlinedocs/gcc-15.2.0/gcc/Common-Function-Attributes.html#index-warn_005funused_005fresult-function-attributewarn_unused_result]8;;[m[K' [[01;35m[K]8;;https://gcc.gnu.org/onlinedocs/gcc-15.2.0/gcc/Warning-Options.html#index-Wno-unused-result-Wunused-result]8;;[m[K]
  858 |                 [01;35m[Kwrite( waitfds[1], "1", 1 )[m[K;
      |                 [01;35m[K^~~~~~~~~~~~~~~~~~~~~~~~~~~[m[K
[01m[Kautoca.c:47:9:[m[K [01;35m[Kwarning: [m[K'[01m[KX509_get_notBefore[m[K' redefined
   47 | #define [01;35m[KX509_get_notBefore[m[K(x)   X509_getm_notBefore(x)
      |         [01;35m[K^~~~~~~~~~~~~~~~~~[m[K
In file included from [01m[Kautoca.c:35[m[K:
[01m[K/nix/store/45kp2zmmhrwys6fiyxm9alqh8dsjq7af-openssl-3.6.2-dev/include/openssl/x509.h:869:9:[m[K [01;36m[Knote: [m[Kthis is the location of the previous definition
  869 | #define [01;36m[KX509_get_notBefore[m[K X509_getm_notBefore
      |         [01;36m[K^~~~~~~~~~~~~~~~~~[m[K
[01m[Kautoca.c:48:9:[m[K [01;35m[Kwarning: [m[K'[01m[KX509_get_notAfter[m[K' redefined
   48 | #define [01;35m[KX509_get_notAfter[m[K(x)    X509_getm_notAfter(x)
      |         [01;35m[K^~~~~~~~~~~~~~~~~[m[K
[01m[K/nix/store/45kp2zmmhrwys6fiyxm9alqh8dsjq7af-openssl-3.6.2-dev/include/openssl/x509.h:870:9:[m[K [01;36m[Knote: [m[Kthis is the location of the previous definition
  870 | #define [01;36m[KX509_get_notAfter[m[K X509_getm_notAfter
      |         [01;36m[K^~~~~~~~~~~~~~~~~[m[K
cc -g -O2 -I../../../include        -I../../../include -I.. -I./..      -c -o remoteauth.o remoteauth.c
[01m[Kconstraint.c:[m[K In function '[01m[Kconstraint_cf_gen[m[K':
[01m[Kconstraint.c:319:98:[m[K [01;35m[Kwarning: [m[K'[01m[K%s[m[K' directive output may be truncated writing up to 1023 bytes into a region of size 216 [[01;35m[K]8;;https://gcc.gnu.org/onlinedocs/gcc-15.2.0/gcc/Warning-Options.html#index-Wformat-truncation-Wformat-truncation=]8;;[m[K]
  319 |                                                 "%s %s: Illegal regular expression \"%s\": Error [01;32m[K%[m[K[01;32m[Ks[m[K",
      |                                                                                                  [01;32m[K^[m[K[01;32m[K~[m[K
  320 |                                                 c->argv[0], c->argv[1], c->argv[3], [01;34m[Ke[m[K[01;34m[Kr[m[K[01;34m[Kr[m[K[01;34m[Km[m[K[01;34m[Ks[m[K[01;34m[Kg[m[K);
      |                                                                                     [01;34m[K~[m[K[01;34m[K~[m[K[01;34m[K~[m[K[01;34m[K~[m[K[01;34m[K~[m[K[01;34m[K~[m[K        
In file included from [01m[K/nix/store/8b79ylscygvnq4sh92d80zipr4am7pic-glibc-2.42-61-dev/include/stdio.h:970[m[K,
                 from [01m[Kconstraint.c:24[m[K:
In function '[01m[Ksnprintf[m[K',
    inlined from '[01m[Kconstraint_cf_gen[m[K' at [01m[Kconstraint.c:318:6[m[K:
[01m[K/nix/store/8b79ylscygvnq4sh92d80zipr4am7pic-glibc-2.42-61-dev/include/bits/stdio2.h:68:10:[m[K [01;36m[Knote: [m[K'[01m[K__builtin___snprintf_chk[m[K' output 41 or more bytes (assuming 1064) into a destination of size 256
   68 |   return [01;36m[K__builtin___snprintf_chk (__s, __n, __USE_FORTIFY_LEVEL - 1,[m[K
      |          [01;36m[K^~~~~~~~~~~~~~~~~~~~~~~~~~~~~~~~~~~~~~~~~~~~~~~~~~~~~~~~~~~~[m[K
   69 | [01;36m[K                                   __glibc_objsize (__s), __fmt,[m[K
      |                                    [01;36m[K~~~~~~~~~~~~~~~~~~~~~~~~~~~~~[m[K
   70 | [01;36m[K                                   __va_arg_pack ())[m[K;
      |                                    [01;36m[K~~~~~~~~~~~~~~~~~[m[K
cc -g -O2 -I../../include -I. -I./slapi -I. -I../../include       -c -o dn.o dn.c
cc -g -O2 -I../../include -I. -I./slapi -I. -I../../include       -c -o compare.o compare.c
cc -g -O2 -I../../../include        -I../../../include -I.. -I./..      -c -o retcode.o retcode.c
cc -g -O2 -I../../../include        -I../../../include -I.. -I./..      -c -o rwm.o rwm.c
cc -g -O2 -I../../include -I. -I./slapi -I. -I../../include       -c -o modify.o modify.c
cc -g -O2 -I../../../include        -I../../../include -I.. -I./..      -c -o rwmconf.o rwmconf.c
cc -g -O2 -I../../include -I. -I./slapi -I. -I../../include       -c -o delete.o delete.c
cc -g -O2 -I../../../include        -I../../../include -I.. -I./..      -c -o rwmdn.o rwmdn.c
cc -g -O2 -I../../../include        -I../../../include -I.. -I./..      -c -o rwmmap.o rwmmap.c
cc -g -O2 -I../../../include        -I../../../include -I.. -I./..      -c -o seqmod.o seqmod.c
cc -g -O2 -I../../include -I. -I./slapi -I. -I../../include       -c -o modrdn.o modrdn.c
cc -g -O2 -I../../../include        -I../../../include -I.. -I./..      -c -o sssvlv.o sssvlv.c
cc -g -O2 -I../../include -I. -I./slapi -I. -I../../include       -c -o ch_malloc.o ch_malloc.c
cc -g -O2 -I../../../include        -I../../../include -I.. -I./..      -c -o syncprov.o syncprov.c
cc -g -O2 -I../../include -I. -I./slapi -I. -I../../include       -c -o value.o value.c
cc -g -O2 -I../../include -I. -I./slapi -I. -I../../include       -c -o verbs.o verbs.c
cc -g -O2 -I../../include -I. -I./slapi -I. -I../../include       -c -o ava.o ava.c
cc -g -O2 -I../../../include        -I../../../include -I.. -I./..      -c -o translucent.o translucent.c
cc -g -O2 -I../../../include        -I../../../include -I.. -I./..      -c -o unique.o unique.c
cc -g -O2 -I../../include -I. -I./slapi -I. -I../../include       -c -o bind.o bind.c
cc -g -O2 -I../../../include        -I../../../include -I.. -I./..      -c -o valsort.o valsort.c
cc -g -O2 -I../../include -I. -I./slapi -I. -I../../include       -c -o unbind.o unbind.c
cc -g -O2 -I../../include -I. -I./slapi -I. -I../../include       -c -o abandon.o abandon.c
/nix/store/ksdxvc92sa7h6yppixfl4xyj6632vf0x-bash-5.3p9/bin/bash ../../../libtool --tag=disable-shared --mode=compile cc -g -O2 -I../../../include        -I../../../include -I.. -I./..     -c version.c
cc -g -O2 -I../../include -I. -I./slapi -I. -I../../include       -c -o filterentry.o filterentry.c
cc -g -O2 -I../../../include        -I../../../include -I.. -I./..      -c -o overlays.o overlays.c
rm -f version.c
../../../build/mkversion -v "2.6.13" ../liboverlays.a > version.c
libtool: compile:  cc -g -O2 -I../../../include -I../../../include -I.. -I./.. -c version.c -o version.o
cc -g -O2 -I../../include -I. -I./slapi -I. -I../../include       -c -o phonetic.o phonetic.c
cc -g -O2 -I../../include -I. -I./slapi -I. -I../../include       -c -o acl.o acl.c
cc -g -O2 -I../../include -I. -I./slapi -I. -I../../include       -c -o str2filter.o str2filter.c
ar ruv libback_ldif.a `echo ldif.lo | sed 's/\.lo/.o/g'` version.o
ar: `u' modifier ignored since `D' is the default (see `U')
ar: creating libback_ldif.a
a - ldif.o
a - version.o
make[3]: Leaving directory '/build/openldap-2.6.13/servers/slapd/back-ldif'
 
  cd back-monitor && make -j16 --jobserver-auth=fifo:/build/GMfifo9156 all
make[3]: Entering directory '/build/openldap-2.6.13/servers/slapd/back-monitor'
make[3]: warning: -j16 forced in submake: resetting jobserver mode.
rm -f version.c
/nix/store/ksdxvc92sa7h6yppixfl4xyj6632vf0x-bash-5.3p9/bin/bash ../../../libtool --tag=disable-shared --mode=compile cc -g -O2 -I../../../include -I../../../include -I.. -I./.. -I./../slapi     -c init.c
cc -g -O2 -I../../include -I. -I./slapi -I. -I../../include       -c -o aclparse.o aclparse.c
/nix/store/ksdxvc92sa7h6yppixfl4xyj6632vf0x-bash-5.3p9/bin/bash ../../../libtool --tag=disable-shared --mode=compile cc -g -O2 -I../../../include -I../../../include -I.. -I./.. -I./../slapi     -c search.c
../../../build/mkversion -v "2.6.13" back_monitor > version.c
cc -g -O2 -I../../include -I. -I./slapi -I. -I../../include       -c -o init.o init.c
/nix/store/ksdxvc92sa7h6yppixfl4xyj6632vf0x-bash-5.3p9/bin/bash ../../../libtool --tag=disable-shared --mode=compile cc -g -O2 -I../../../include -I../../../include -I.. -I./.. -I./../slapi     -c compare.c
/nix/store/ksdxvc92sa7h6yppixfl4xyj6632vf0x-bash-5.3p9/bin/bash ../../../libtool --tag=disable-shared --mode=compile cc -g -O2 -I../../../include -I../../../include -I.. -I./.. -I./../slapi     -c modify.c
/nix/store/ksdxvc92sa7h6yppixfl4xyj6632vf0x-bash-5.3p9/bin/bash ../../../libtool --tag=disable-shared --mode=compile cc -g -O2 -I../../../include -I../../../include -I.. -I./.. -I./../slapi     -c bind.c
/nix/store/ksdxvc92sa7h6yppixfl4xyj6632vf0x-bash-5.3p9/bin/bash ../../../libtool --tag=disable-shared --mode=compile cc -g -O2 -I../../../include -I../../../include -I.. -I./.. -I./../slapi     -c operational.c
/nix/store/ksdxvc92sa7h6yppixfl4xyj6632vf0x-bash-5.3p9/bin/bash ../../../libtool --tag=disable-shared --mode=compile cc -g -O2 -I../../../include -I../../../include -I.. -I./.. -I./../slapi     -c cache.c
/nix/store/ksdxvc92sa7h6yppixfl4xyj6632vf0x-bash-5.3p9/bin/bash ../../../libtool --tag=disable-shared --mode=compile cc -g -O2 -I../../../include -I../../../include -I.. -I./.. -I./../slapi     -c entry.c
/nix/store/ksdxvc92sa7h6yppixfl4xyj6632vf0x-bash-5.3p9/bin/bash ../../../libtool --tag=disable-shared --mode=compile cc -g -O2 -I../../../include -I../../../include -I.. -I./.. -I./../slapi     -c backend.c
cc -g -O2 -I../../include -I. -I./slapi -I. -I../../include       -c -o user.o user.c
cc -g -O2 -I../../include -I. -I./slapi -I. -I../../include       -c -o lock.o lock.c
/nix/store/ksdxvc92sa7h6yppixfl4xyj6632vf0x-bash-5.3p9/bin/bash ../../../libtool --tag=disable-shared --mode=compile cc -g -O2 -I../../../include -I../../../include -I.. -I./.. -I./../slapi     -c database.c
/nix/store/ksdxvc92sa7h6yppixfl4xyj6632vf0x-bash-5.3p9/bin/bash ../../../libtool --tag=disable-shared --mode=compile cc -g -O2 -I../../../include -I../../../include -I.. -I./.. -I./../slapi     -c thread.c
/nix/store/ksdxvc92sa7h6yppixfl4xyj6632vf0x-bash-5.3p9/bin/bash ../../../libtool --tag=disable-shared --mode=compile cc -g -O2 -I../../../include -I../../../include -I.. -I./.. -I./../slapi     -c conn.c
/nix/store/ksdxvc92sa7h6yppixfl4xyj6632vf0x-bash-5.3p9/bin/bash ../../../libtool --tag=disable-shared --mode=compile cc -g -O2 -I../../../include -I../../../include -I.. -I./.. -I./../slapi     -c rww.c
/nix/store/ksdxvc92sa7h6yppixfl4xyj6632vf0x-bash-5.3p9/bin/bash ../../../libtool --tag=disable-shared --mode=compile cc -g -O2 -I../../../include -I../../../include -I.. -I./.. -I./../slapi     -c log.c
/nix/store/ksdxvc92sa7h6yppixfl4xyj6632vf0x-bash-5.3p9/bin/bash ../../../libtool --tag=disable-shared --mode=compile cc -g -O2 -I../../../include -I../../../include -I.. -I./.. -I./../slapi     -c operation.c
/nix/store/ksdxvc92sa7h6yppixfl4xyj6632vf0x-bash-5.3p9/bin/bash ../../../libtool --tag=disable-shared --mode=compile cc -g -O2 -I../../../include -I../../../include -I.. -I./.. -I./../slapi     -c sent.c
libtool: compile:  cc -g -O2 -I../../../include -I../../../include -I.. -I./.. -I./../slapi -c search.c -o search.o
libtool: compile:  cc -g -O2 -I../../../include -I../../../include -I.. -I./.. -I./../slapi -c init.c -o init.o
cc -g -O2 -I../../include -I. -I./slapi -I. -I../../include       -c -o logging.o logging.c
libtool: compile:  cc -g -O2 -I../../../include -I../../../include -I.. -I./.. -I./../slapi -c operational.c -o operational.o
libtool: compile:  cc -g -O2 -I../../../include -I../../../include -I.. -I./.. -I./../slapi -c bind.c -o bind.o
libtool: compile:  cc -g -O2 -I../../../include -I../../../include -I.. -I./.. -I./../slapi -c backend.c -o backend.o
libtool: compile:  cc -g -O2 -I../../../include -I../../../include -I.. -I./.. -I./../slapi -c cache.c -o cache.o
libtool: compile:  cc -g -O2 -I../../../include -I../../../include -I.. -I./.. -I./../slapi -c log.c -o log.o
libtool: compile:  cc -g -O2 -I../../../include -I../../../include -I.. -I./.. -I./../slapi -c modify.c -o modify.o
libtool: compile:  cc -g -O2 -I../../../include -I../../../include -I.. -I./.. -I./../slapi -c conn.c -o conn.o
libtool: compile:  cc -g -O2 -I../../../include -I../../../include -I.. -I./.. -I./../slapi -c thread.c -o thread.o
libtool: compile:  cc -g -O2 -I../../../include -I../../../include -I.. -I./.. -I./../slapi -c sent.c -o sent.o
libtool: compile:  cc -g -O2 -I../../../include -I../../../include -I.. -I./.. -I./../slapi -c entry.c -o entry.o
libtool: compile:  cc -g -O2 -I../../../include -I../../../include -I.. -I./.. -I./../slapi -c compare.c -o compare.o
libtool: compile:  cc -g -O2 -I../../../include -I../../../include -I.. -I./.. -I./../slapi -c database.c -o database.o
libtool: compile:  cc -g -O2 -I../../../include -I../../../include -I.. -I./.. -I./../slapi -c rww.c -o rww.o
cc -g -O2 -I../../include -I. -I./slapi -I. -I../../include       -c -o controls.o controls.c
libtool: compile:  cc -g -O2 -I../../../include -I../../../include -I.. -I./.. -I./../slapi -c operation.c -o operation.o
cc -g -O2 -I../../include -I. -I./slapi -I. -I../../include       -c -o extended.o extended.c
cc -g -O2 -I../../include -I. -I./slapi -I. -I../../include       -c -o passwd.o passwd.c
[01m[Kppolicy.c:[m[K In function '[01m[Kppolicy_bind_response[m[K':
[01m[Kppolicy.c:1575:95:[m[K [01;35m[Kwarning: [m[K'[01m[K__builtin___snprintf_chk[m[K' output may be truncated before the last format character [[01;35m[K]8;;https://gcc.gnu.org/onlinedocs/gcc-15.2.0/gcc/Warning-Options.html#index-Wformat-truncation-Wformat-truncation=]8;;[m[K]
 1575 |         snprintf( timestamp_usec.bv_val + timestamp_usec.bv_len-1, sizeof(".123456Z"), ".%06dZ[01;32m[K"[m[K, now_usec.tt_nsec / 1000 );
      |                                                                                               [01;32m[K^[m[K
In file included from [01m[K/nix/store/8b79ylscygvnq4sh92d80zipr4am7pic-glibc-2.42-61-dev/include/stdio.h:970[m[K,
                 from [01m[K/nix/store/8b79ylscygvnq4sh92d80zipr4am7pic-glibc-2.42-61-dev/include/resolv.h:58[m[K,
                 from [01m[K../../../include/ac/socket.h:58[m[K,
                 from [01m[K../../../include/lutil.h:21[m[K,
                 from [01m[Kppolicy.c:32[m[K:
In function '[01m[Ksnprintf[m[K',
    inlined from '[01m[Kppolicy_bind_response[m[K' at [01m[Kppolicy.c:1575:2[m[K:
[01m[K/nix/store/8b79ylscygvnq4sh92d80zipr4am7pic-glibc-2.42-61-dev/include/bits/stdio2.h:68:10:[m[K [01;36m[Knote: [m[K'[01m[K__builtin___snprintf_chk[m[K' output between 9 and 10 bytes into a destination of size 9
   68 |   return [01;36m[K__builtin___snprintf_chk (__s, __n, __USE_FORTIFY_LEVEL - 1,[m[K
      |          [01;36m[K^~~~~~~~~~~~~~~~~~~~~~~~~~~~~~~~~~~~~~~~~~~~~~~~~~~~~~~~~~~~[m[K
   69 | [01;36m[K                                   __glibc_objsize (__s), __fmt,[m[K
      |                                    [01;36m[K~~~~~~~~~~~~~~~~~~~~~~~~~~~~~[m[K
   70 | [01;36m[K                                   __va_arg_pack ())[m[K;
      |                                    [01;36m[K~~~~~~~~~~~~~~~~~[m[K
/nix/store/ksdxvc92sa7h6yppixfl4xyj6632vf0x-bash-5.3p9/bin/bash ../../../libtool --tag=disable-shared --mode=compile cc -g -O2 -I../../../include -I../../../include -I.. -I./.. -I./../slapi     -c listener.c
/nix/store/ksdxvc92sa7h6yppixfl4xyj6632vf0x-bash-5.3p9/bin/bash ../../../libtool --tag=disable-shared --mode=compile cc -g -O2 -I../../../include -I../../../include -I.. -I./.. -I./../slapi     -c time.c
libtool: compile:  cc -g -O2 -I../../../include -I../../../include -I.. -I./.. -I./../slapi -c listener.c -o listener.o
/nix/store/ksdxvc92sa7h6yppixfl4xyj6632vf0x-bash-5.3p9/bin/bash ../../../libtool --tag=disable-shared --mode=compile cc -g -O2 -I../../../include -I../../../include -I.. -I./.. -I./../slapi     -c overlay.c
libtool: compile:  cc -g -O2 -I../../../include -I../../../include -I.. -I./.. -I./../slapi -c time.c -o time.o
cc -g -O2 -I../../include -I. -I./slapi -I. -I../../include       -c -o proxyp.o proxyp.c
ld -r -o rwm_x.o rwm.o rwmconf.o rwmdn.o rwmmap.o
cc -g -O2 -I../../include -I. -I./slapi -I. -I../../include       -c -o schema.o schema.c
cc -g -O2 -I../../include -I. -I./slapi -I. -I../../include       -c -o schema_check.o schema_check.c
cc -g -O2 -I../../include -I. -I./slapi -I. -I../../include       -c -o schema_init.o schema_init.c
libtool: compile:  cc -g -O2 -I../../../include -I../../../include -I.. -I./.. -I./../slapi -c overlay.c -o overlay.o
[01m[Kaclparse.c:[m[K In function '[01m[Kregtest[m[K':
[01m[Kaclparse.c:173:77:[m[K [01;35m[Kwarning: [m[K'[01m[K%s[m[K' directive output may be truncated writing up to 255 bytes into a region of size 219 [[01;35m[K]8;;https://gcc.gnu.org/onlinedocs/gcc-15.2.0/gcc/Warning-Options.html#index-Wformat-truncation-Wformat-truncation=]8;;[m[K]
  173 |                                   "regular expression \"%s\" bad because of [01;32m[K%[m[K[01;32m[Ks[m[K", pat, [01;34m[Ke[m[K[01;34m[Kr[m[K[01;34m[Kr[m[K[01;34m[Ko[m[K[01;34m[Kr[m[K);
      |                                                                             [01;32m[K^[m[K[01;32m[K~[m[K        [01;34m[K~[m[K[01;34m[K~[m[K[01;34m[K~[m[K[01;34m[K~[m[K[01;34m[K~[m[K
In file included from [01m[K/nix/store/8b79ylscygvnq4sh92d80zipr4am7pic-glibc-2.42-61-dev/include/stdio.h:970[m[K,
                 from [01m[Kaclparse.c:29[m[K:
In function '[01m[Ksnprintf[m[K',
    inlined from '[01m[Kregtest[m[K' at [01m[Kaclparse.c:172:3[m[K:
[01m[K/nix/store/8b79ylscygvnq4sh92d80zipr4am7pic-glibc-2.42-61-dev/include/bits/stdio2.h:68:10:[m[K [01;36m[Knote: [m[K'[01m[K__builtin___snprintf_chk[m[K' output 38 or more bytes (assuming 293) into a destination of size 256
   68 |   return [01;36m[K__builtin___snprintf_chk (__s, __n, __USE_FORTIFY_LEVEL - 1,[m[K
      |          [01;36m[K^~~~~~~~~~~~~~~~~~~~~~~~~~~~~~~~~~~~~~~~~~~~~~~~~~~~~~~~~~~~[m[K
   69 | [01;36m[K                                   __glibc_objsize (__s), __fmt,[m[K
      |                                    [01;36m[K~~~~~~~~~~~~~~~~~~~~~~~~~~~~~[m[K
   70 | [01;36m[K                                   __va_arg_pack ())[m[K;
      |                                    [01;36m[K~~~~~~~~~~~~~~~~~[m[K
cc -g -O2 -I../../include -I. -I./slapi -I. -I../../include       -c -o schema_prep.o schema_prep.c
cc -g -O2 -I../../include -I. -I./slapi -I. -I../../include       -c -o schemaparse.o schemaparse.c
cc -g -O2 -I../../include -I. -I./slapi -I. -I../../include       -c -o ad.o ad.c
cc -g -O2 -I../../include -I. -I./slapi -I. -I../../include       -c -o at.o at.c
cc -g -O2 -I../../include -I. -I./slapi -I. -I../../include       -c -o mr.o mr.c
cc -g -O2 -I../../include -I. -I./slapi -I. -I../../include       -c -o syntax.o syntax.c
[01m[Kaclparse.c:[m[K In function '[01m[Kparse_acl[m[K':
[01m[Kaclparse.c:534:113:[m[K [01;35m[Kwarning: [m[K'[01m[K%s[m[K' directive output may be truncated writing up to 255 bytes into a region of size 219 [[01;35m[K]8;;https://gcc.gnu.org/onlinedocs/gcc-15.2.0/gcc/Warning-Options.html#index-Wformat-truncation-Wformat-truncation=]8;;[m[K]
  534 |                                                                       "regular expression \"%s\" bad because of [01;32m[K%[m[K[01;32m[Ks[m[K",
      |                                                                                                                 [01;32m[K^[m[K[01;32m[K~[m[K
  535 |                                                                       right, [01;34m[Ke[m[K[01;34m[Kr[m[K[01;34m[Kr[m[K );
      |                                                                              [01;34m[K~[m[K[01;34m[K~[m[K[01;34m[K~[m[K                                 
In function '[01m[Ksnprintf[m[K',
    inlined from '[01m[Kparse_acl[m[K' at [01m[Kaclparse.c:533:9[m[K:
[01m[K/nix/store/8b79ylscygvnq4sh92d80zipr4am7pic-glibc-2.42-61-dev/include/bits/stdio2.h:68:10:[m[K [01;36m[Knote: [m[K'[01m[K__builtin___snprintf_chk[m[K' output 38 or more bytes (assuming 293) into a destination of size 256
   68 |   return [01;36m[K__builtin___snprintf_chk (__s, __n, __USE_FORTIFY_LEVEL - 1,[m[K
      |          [01;36m[K^~~~~~~~~~~~~~~~~~~~~~~~~~~~~~~~~~~~~~~~~~~~~~~~~~~~~~~~~~~~[m[K
   69 | [01;36m[K                                   __glibc_objsize (__s), __fmt,[m[K
      |                                    [01;36m[K~~~~~~~~~~~~~~~~~~~~~~~~~~~~~[m[K
   70 | [01;36m[K                                   __va_arg_pack ())[m[K;
      |                                    [01;36m[K~~~~~~~~~~~~~~~~~[m[K
[01m[Kaclparse.c:[m[K In function '[01m[Kparse_acl[m[K':
[01m[Kaclparse.c:675:97:[m[K [01;35m[Kwarning: [m[K'[01m[K%s[m[K' directive output may be truncated writing up to 255 bytes into a region of size 219 [[01;35m[K]8;;https://gcc.gnu.org/onlinedocs/gcc-15.2.0/gcc/Warning-Options.html#index-Wformat-truncation-Wformat-truncation=]8;;[m[K]
  675 |                                                       "regular expression \"%s\" bad because of [01;32m[K%[m[K[01;32m[Ks[m[K",
      |                                                                                                 [01;32m[K^[m[K[01;32m[K~[m[K
  676 |                                                       right, [01;34m[Ke[m[K[01;34m[Kr[m[K[01;34m[Kr[m[K );
      |                                                              [01;34m[K~[m[K[01;34m[K~[m[K[01;34m[K~[m[K                                 
In function '[01m[Ksnprintf[m[K',
    inlined from '[01m[Kparse_acl[m[K' at [01m[Kaclparse.c:674:7[m[K:
[01m[K/nix/store/8b79ylscygvnq4sh92d80zipr4am7pic-glibc-2.42-61-dev/include/bits/stdio2.h:68:10:[m[K [01;36m[Knote: [m[K'[01m[K__builtin___snprintf_chk[m[K' output 38 or more bytes (assuming 293) into a destination of size 256
   68 |   return [01;36m[K__builtin___snprintf_chk (__s, __n, __USE_FORTIFY_LEVEL - 1,[m[K
      |          [01;36m[K^~~~~~~~~~~~~~~~~~~~~~~~~~~~~~~~~~~~~~~~~~~~~~~~~~~~~~~~~~~~[m[K
   69 | [01;36m[K                                   __glibc_objsize (__s), __fmt,[m[K
      |                                    [01;36m[K~~~~~~~~~~~~~~~~~~~~~~~~~~~~~[m[K
   70 | [01;36m[K                                   __va_arg_pack ())[m[K;
      |                                    [01;36m[K~~~~~~~~~~~~~~~~~[m[K
cc -g -O2 -I../../include -I. -I./slapi -I. -I../../include       -c -o oc.o oc.c
cc -g -O2 -I../../include -I. -I./slapi -I. -I../../include       -c -o saslauthz.o saslauthz.c
cc -g -O2 -I../../include -I. -I./slapi -I. -I../../include       -c -o oidm.o oidm.c
cc -g -O2 -I../../include -I. -I./slapi -I. -I../../include       -c -o starttls.o starttls.c
cc -g -O2 -I../../include -I. -I./slapi -I. -I../../include       -c -o index.o index.c
cc -g -O2 -I../../include -I. -I./slapi -I. -I../../include       -c -o sets.o sets.c
cc -g -O2 -I../../include -I. -I./slapi -I. -I../../include       -c -o referral.o referral.c
cc -g -O2 -I../../include -I. -I./slapi -I. -I../../include       -c -o root_dse.o root_dse.c
cc -g -O2 -I../../include -I. -I./slapi -I. -I../../include       -c -o sasl.o sasl.c
cc -g -O2 -I../../include -I. -I./slapi -I. -I../../include       -c -o module.o module.c
cc -g -O2 -I../../include -I. -I./slapi -I. -I../../include       -c -o mra.o mra.c
cc -g -O2 -I../../include -I. -I./slapi -I. -I../../include       -c -o mods.o mods.c
cc -g -O2 -I../../include -I. -I./slapi -I. -I../../include       -c -o sl_malloc.o sl_malloc.c
cc -g -O2 -I../../include -I. -I./slapi -I. -I../../include       -c -o zn_malloc.o zn_malloc.c
cc -g -O2 -I../../include -I. -I./slapi -I. -I../../include       -c -o limits.o limits.c
/nix/store/ksdxvc92sa7h6yppixfl4xyj6632vf0x-bash-5.3p9/bin/bash ../../../libtool --tag=disable-shared --mode=compile cc -g -O2 -I../../../include -I../../../include -I.. -I./.. -I./../slapi     -c version.c
cc -g -O2 -I../../include -I. -I./slapi -I. -I../../include       -c -o operational.o operational.c
cc -g -O2 -I../../include -I. -I./slapi -I. -I../../include       -c -o matchedValues.o matchedValues.c
libtool: compile:  cc -g -O2 -I../../../include -I../../../include -I.. -I./.. -I./../slapi -c version.c -o version.o
cc -g -O2 -I../../include -I. -I./slapi -I. -I../../include       -c -o cancel.o cancel.c
ar ruv libback_monitor.a `echo init.lo search.lo compare.lo modify.lo bind.lo operational.lo cache.lo entry.lo backend.lo database.lo thread.lo conn.lo rww.lo log.lo operation.lo sent.lo listener.lo time.lo overlay.lo | sed 's/\.lo/.o/g'` version.o
ar: `u' modifier ignored since `D' is the default (see `U')
ar: creating libback_monitor.a
a - init.o
a - search.o
a - compare.o
a - modify.o
a - bind.o
a - operational.o
a - cache.o
a - entry.o
a - backend.o
a - database.o
a - thread.o
a - conn.o
a - rww.o
a - log.o
a - operation.o
a - sent.o
a - listener.o
a - time.o
a - overlay.o
a - version.o
make[3]: Leaving directory '/build/openldap-2.6.13/servers/slapd/back-monitor'
 
  cd back-mdb && make -j16 --jobserver-auth=fifo:/build/GMfifo9156 all
make[3]: Entering directory '/build/openldap-2.6.13/servers/slapd/back-mdb'
make[3]: warning: -j16 forced in submake: resetting jobserver mode.
rm -f version.c
cc -g -O2 -I../../include -I. -I./slapi -I. -I../../include       -c -o syncrepl.o syncrepl.c
/nix/store/ksdxvc92sa7h6yppixfl4xyj6632vf0x-bash-5.3p9/bin/bash ../../../libtool --tag=disable-shared --mode=compile cc -g -O2 -I../../../include        -I../../../include -I.. -I./.. -I./../../../libraries/liblmdb     -c init.c
/nix/store/ksdxvc92sa7h6yppixfl4xyj6632vf0x-bash-5.3p9/bin/bash ../../../libtool --tag=disable-shared --mode=compile cc -g -O2 -I../../../include        -I../../../include -I.. -I./.. -I./../../../libraries/liblmdb     -c tools.c
/nix/store/ksdxvc92sa7h6yppixfl4xyj6632vf0x-bash-5.3p9/bin/bash ../../../libtool --tag=disable-shared --mode=compile cc -g -O2 -I../../../include        -I../../../include -I.. -I./.. -I./../../../libraries/liblmdb     -c config.c
/nix/store/ksdxvc92sa7h6yppixfl4xyj6632vf0x-bash-5.3p9/bin/bash ../../../libtool --tag=disable-shared --mode=compile cc -g -O2 -I../../../include        -I../../../include -I.. -I./.. -I./../../../libraries/liblmdb     -c add.c
../../../build/mkversion -v "2.6.13" back_mdb > version.c
/nix/store/ksdxvc92sa7h6yppixfl4xyj6632vf0x-bash-5.3p9/bin/bash ../../../libtool --tag=disable-shared --mode=compile cc -g -O2 -I../../../include        -I../../../include -I.. -I./.. -I./../../../libraries/liblmdb     -c bind.c
/nix/store/ksdxvc92sa7h6yppixfl4xyj6632vf0x-bash-5.3p9/bin/bash ../../../libtool --tag=disable-shared --mode=compile cc -g -O2 -I../../../include        -I../../../include -I.. -I./.. -I./../../../libraries/liblmdb     -c compare.c
/nix/store/ksdxvc92sa7h6yppixfl4xyj6632vf0x-bash-5.3p9/bin/bash ../../../libtool --tag=disable-shared --mode=compile cc -g -O2 -I../../../include        -I../../../include -I.. -I./.. -I./../../../libraries/liblmdb     -c delete.c
/nix/store/ksdxvc92sa7h6yppixfl4xyj6632vf0x-bash-5.3p9/bin/bash ../../../libtool --tag=disable-shared --mode=compile cc -g -O2 -I../../../include        -I../../../include -I.. -I./.. -I./../../../libraries/liblmdb     -c modify.c
/nix/store/ksdxvc92sa7h6yppixfl4xyj6632vf0x-bash-5.3p9/bin/bash ../../../libtool --tag=disable-shared --mode=compile cc -g -O2 -I../../../include        -I../../../include -I.. -I./.. -I./../../../libraries/liblmdb     -c modrdn.c
/nix/store/ksdxvc92sa7h6yppixfl4xyj6632vf0x-bash-5.3p9/bin/bash ../../../libtool --tag=disable-shared --mode=compile cc -g -O2 -I../../../include        -I../../../include -I.. -I./.. -I./../../../libraries/liblmdb     -c search.c
/nix/store/ksdxvc92sa7h6yppixfl4xyj6632vf0x-bash-5.3p9/bin/bash ../../../libtool --tag=disable-shared --mode=compile cc -g -O2 -I../../../include        -I../../../include -I.. -I./.. -I./../../../libraries/liblmdb     -c extended.c
/nix/store/ksdxvc92sa7h6yppixfl4xyj6632vf0x-bash-5.3p9/bin/bash ../../../libtool --tag=disable-shared --mode=compile cc -g -O2 -I../../../include        -I../../../include -I.. -I./.. -I./../../../libraries/liblmdb     -c operational.c
/nix/store/ksdxvc92sa7h6yppixfl4xyj6632vf0x-bash-5.3p9/bin/bash ../../../libtool --tag=disable-shared --mode=compile cc -g -O2 -I../../../include        -I../../../include -I.. -I./.. -I./../../../libraries/liblmdb     -c attr.c
/nix/store/ksdxvc92sa7h6yppixfl4xyj6632vf0x-bash-5.3p9/bin/bash ../../../libtool --tag=disable-shared --mode=compile cc -g -O2 -I../../../include        -I../../../include -I.. -I./.. -I./../../../libraries/liblmdb     -c index.c
/nix/store/ksdxvc92sa7h6yppixfl4xyj6632vf0x-bash-5.3p9/bin/bash ../../../libtool --tag=disable-shared --mode=compile cc -g -O2 -I../../../include        -I../../../include -I.. -I./.. -I./../../../libraries/liblmdb     -c key.c
/nix/store/ksdxvc92sa7h6yppixfl4xyj6632vf0x-bash-5.3p9/bin/bash ../../../libtool --tag=disable-shared --mode=compile cc -g -O2 -I../../../include        -I../../../include -I.. -I./.. -I./../../../libraries/liblmdb     -c filterindex.c
cc -g -O2 -I../../include -I. -I./slapi -I. -I../../include       -c -o backglue.o backglue.c
libtool: compile:  cc -g -O2 -I../../../include -I../../../include -I.. -I./.. -I./../../../libraries/liblmdb -c config.c -o config.o
libtool: compile:  cc -g -O2 -I../../../include -I../../../include -I.. -I./.. -I./../../../libraries/liblmdb -c modrdn.c -o modrdn.o
libtool: compile:  cc -g -O2 -I../../../include -I../../../include -I.. -I./.. -I./../../../libraries/liblmdb -c attr.c -o attr.o
libtool: compile:  cc -g -O2 -I../../../include -I../../../include -I.. -I./.. -I./../../../libraries/liblmdb -c tools.c -o tools.o
libtool: compile:  cc -g -O2 -I../../../include -I../../../include -I.. -I./.. -I./../../../libraries/liblmdb -c add.c -o add.o
libtool: compile:  cc -g -O2 -I../../../include -I../../../include -I.. -I./.. -I./../../../libraries/liblmdb -c init.c -o init.o
libtool: compile:  cc -g -O2 -I../../../include -I../../../include -I.. -I./.. -I./../../../libraries/liblmdb -c bind.c -o bind.o
cc -g -O2 -I../../include -I. -I./slapi -I. -I../../include       -c -o backover.o backover.c
libtool: compile:  cc -g -O2 -I../../../include -I../../../include -I.. -I./.. -I./../../../libraries/liblmdb -c extended.c -o extended.o
libtool: compile:  cc -g -O2 -I../../../include -I../../../include -I.. -I./.. -I./../../../libraries/liblmdb -c delete.c -o delete.o
libtool: compile:  cc -g -O2 -I../../../include -I../../../include -I.. -I./.. -I./../../../libraries/liblmdb -c compare.c -o compare.o
libtool: compile:  cc -g -O2 -I../../../include -I../../../include -I.. -I./.. -I./../../../libraries/liblmdb -c key.c -o key.o
libtool: compile:  cc -g -O2 -I../../../include -I../../../include -I.. -I./.. -I./../../../libraries/liblmdb -c search.c -o search.o
libtool: compile:  cc -g -O2 -I../../../include -I../../../include -I.. -I./.. -I./../../../libraries/liblmdb -c operational.c -o operational.o
libtool: compile:  cc -g -O2 -I../../../include -I../../../include -I.. -I./.. -I./../../../libraries/liblmdb -c index.c -o index.o
libtool: compile:  cc -g -O2 -I../../../include -I../../../include -I.. -I./.. -I./../../../libraries/liblmdb -c modify.c -o modify.o
libtool: compile:  cc -g -O2 -I../../../include -I../../../include -I.. -I./.. -I./../../../libraries/liblmdb -c filterindex.c -o filterindex.o
cc -g -O2 -I../../include -I. -I./slapi -I. -I../../include       -c -o ctxcsn.o ctxcsn.c
cc -g -O2 -I../../include -I. -I./slapi -I. -I../../include       -c -o ldapsync.o ldapsync.c
cc -g -O2 -I../../include -I. -I./slapi -I. -I../../include       -c -o frontend.o frontend.c
/nix/store/ksdxvc92sa7h6yppixfl4xyj6632vf0x-bash-5.3p9/bin/bash ../../../libtool --tag=disable-shared --mode=compile cc -g -O2 -I../../../include        -I../../../include -I.. -I./.. -I./../../../libraries/liblmdb     -c dn2entry.c
/nix/store/ksdxvc92sa7h6yppixfl4xyj6632vf0x-bash-5.3p9/bin/bash ../../../libtool --tag=disable-shared --mode=compile cc -g -O2 -I../../../include        -I../../../include -I.. -I./.. -I./../../../libraries/liblmdb     -c dn2id.c
cc -g -O2 -I../../include -I. -I./slapi -I. -I../../include       -c -o slapadd.o slapadd.c
cc -g -O2 -I../../include -I. -I./slapi -I. -I../../include       -c -o slapcat.o slapcat.c
cc -g -O2 -I../../include -I. -I./slapi -I. -I../../include       -c -o slapcommon.o slapcommon.c
libtool: compile:  cc -g -O2 -I../../../include -I../../../include -I.. -I./.. -I./../../../libraries/liblmdb -c dn2entry.c -o dn2entry.o
/nix/store/ksdxvc92sa7h6yppixfl4xyj6632vf0x-bash-5.3p9/bin/bash ../../../libtool --tag=disable-shared --mode=compile cc -g -O2 -I../../../include        -I../../../include -I.. -I./.. -I./../../../libraries/liblmdb     -c id2entry.c
libtool: compile:  cc -g -O2 -I../../../include -I../../../include -I.. -I./.. -I./../../../libraries/liblmdb -c dn2id.c -o dn2id.o
/nix/store/ksdxvc92sa7h6yppixfl4xyj6632vf0x-bash-5.3p9/bin/bash ../../../libtool --tag=disable-shared --mode=compile cc -g -O2 -I../../../include        -I../../../include -I.. -I./.. -I./../../../libraries/liblmdb     -c idl.c
libtool: compile:  cc -g -O2 -I../../../include -I../../../include -I.. -I./.. -I./../../../libraries/liblmdb -c id2entry.c -o id2entry.o
/nix/store/ksdxvc92sa7h6yppixfl4xyj6632vf0x-bash-5.3p9/bin/bash ../../../libtool --tag=disable-shared --mode=compile cc -g -O2 -I../../../include        -I../../../include -I.. -I./.. -I./../../../libraries/liblmdb     -c nextid.c
/nix/store/ksdxvc92sa7h6yppixfl4xyj6632vf0x-bash-5.3p9/bin/bash ../../../libtool --tag=disable-shared --mode=compile cc -g -O2 -I../../../include        -I../../../include -I.. -I./.. -I./../../../libraries/liblmdb     -c monitor.c
libtool: compile:  cc -g -O2 -I../../../include -I../../../include -I.. -I./.. -I./../../../libraries/liblmdb -c idl.c -o idl.o
cc -g -O2 -I../../include -I. -I./slapi -I. -I../../include       -c -o slapdn.o slapdn.c
cc -g -O2 -I../../include -I. -I./slapi -I. -I../../include       -c -o slapindex.o slapindex.c
libtool: compile:  cc -g -O2 -I../../../include -I../../../include -I.. -I./.. -I./../../../libraries/liblmdb -c nextid.c -o nextid.o
[01m[Kconfig.c:[m[K In function '[01m[Kmdb_cf_gen[m[K':
[01m[Kconfig.c:886:68:[m[K [01;35m[Kwarning: [m[K'[01m[K%s[m[K' directive output may be truncated writing up to 4114 bytes into a region of size 256 [[01;35m[K]8;;https://gcc.gnu.org/onlinedocs/gcc-15.2.0/gcc/Warning-Options.html#index-Wformat-truncation-Wformat-truncation=]8;;[m[K]
  886 |                         snprintf( c->cr_msg, sizeof( c->cr_msg ), "[01;32m[K%[m[K[01;32m[Ks[m[K: invalid path: %s",
      |                                                                    [01;32m[K^[m[K[01;32m[K~[m[K
In file included from [01m[K/nix/store/8b79ylscygvnq4sh92d80zipr4am7pic-glibc-2.42-61-dev/include/stdio.h:970[m[K,
                 from [01m[Kconfig.c:19[m[K:
In function '[01m[Ksnprintf[m[K',
    inlined from '[01m[Kmdb_cf_gen[m[K' at [01m[Kconfig.c:886:4[m[K:
[01m[K/nix/store/8b79ylscygvnq4sh92d80zipr4am7pic-glibc-2.42-61-dev/include/bits/stdio2.h:68:10:[m[K [01;36m[Knote: [m[K'[01m[K__builtin___snprintf_chk[m[K' output between 17 and 4258 bytes into a destination of size 256
   68 |   return [01;36m[K__builtin___snprintf_chk (__s, __n, __USE_FORTIFY_LEVEL - 1,[m[K
      |          [01;36m[K^~~~~~~~~~~~~~~~~~~~~~~~~~~~~~~~~~~~~~~~~~~~~~~~~~~~~~~~~~~~[m[K
   69 | [01;36m[K                                   __glibc_objsize (__s), __fmt,[m[K
      |                                    [01;36m[K~~~~~~~~~~~~~~~~~~~~~~~~~~~~~[m[K
   70 | [01;36m[K                                   __va_arg_pack ())[m[K;
      |                                    [01;36m[K~~~~~~~~~~~~~~~~~[m[K
libtool: compile:  cc -g -O2 -I../../../include -I../../../include -I.. -I./.. -I./../../../libraries/liblmdb -c monitor.c -o monitor.o
cc -g -O2 -I../../include -I. -I./slapi -I. -I../../include       -c -o slappasswd.o slappasswd.c
/nix/store/ksdxvc92sa7h6yppixfl4xyj6632vf0x-bash-5.3p9/bin/bash ../../../libtool --tag=disable-shared --mode=compile cc -g -O2 -I../../../include        -I../../../include -I.. -I./.. -I./../../../libraries/liblmdb     -c ./../../../libraries/liblmdb/mdb.c
/nix/store/ksdxvc92sa7h6yppixfl4xyj6632vf0x-bash-5.3p9/bin/bash ../../../libtool --tag=disable-shared --mode=compile cc -g -O2 -I../../../include        -I../../../include -I.. -I./.. -I./../../../libraries/liblmdb     -c ./../../../libraries/liblmdb/midl.c
libtool: compile:  cc -g -O2 -I../../../include -I../../../include -I.. -I./.. -I./../../../libraries/liblmdb -c ./../../../libraries/liblmdb/mdb.c -o mdb.o
cc -g -O2 -I../../include -I. -I./slapi -I. -I../../include       -c -o slaptest.o slaptest.c
libtool: compile:  cc -g -O2 -I../../../include -I../../../include -I.. -I./.. -I./../../../libraries/liblmdb -c ./../../../libraries/liblmdb/midl.c -o midl.o
cc -g -O2 -I../../include -I. -I./slapi -I. -I../../include       -c -o slapauth.o slapauth.c
[01m[Kmonitor.c:[m[K In function '[01m[Kmdb_monitor_update[m[K':
[01m[Kmonitor.c:198:54:[m[K [01;35m[Kwarning: [m[Kformat '[01m[K[01;32m[K%lu[m[K[m[K' expects argument of type '[01m[K[01;32m[Klong unsigned int[m[K[m[K', but argument 4 has type '[01m[K[01;34m[Ksize_t[m[K' {aka [m[K'[01m[K[01;34m[Kunsigned int[m[K'}[m[K [[01;35m[K]8;;https://gcc.gnu.org/onlinedocs/gcc-15.2.0/gcc/Warning-Options.html#index-Wformat-Wformat=]8;;[m[K]
  198 |         bv.bv_len = snprintf( buf, sizeof( buf ), "[01;32m[K%[m[K[01;32m[Kl[m[K[01;32m[Ku[m[K", [01;34m[Km[m[K[01;34m[Ke[m[K[01;34m[Ki[m[K[01;34m[K.[m[K[01;34m[Km[m[K[01;34m[Ke[m[K[01;34m[K_[m[K[01;34m[Km[m[K[01;34m[Ka[m[K[01;34m[Kp[m[K[01;34m[Ks[m[K[01;34m[Ki[m[K[01;34m[Kz[m[K[01;34m[Ke[m[K[01;34m[K [m[K[01;34m[K/[m[K[01;34m[K [m[K[01;34m[Km[m[K[01;34m[Ks[m[K[01;34m[Kt[m[K[01;34m[K.[m[K[01;34m[Km[m[K[01;34m[Ks[m[K[01;34m[K_[m[K[01;34m[Kp[m[K[01;34m[Ks[m[K[01;34m[Ki[m[K[01;34m[Kz[m[K[01;34m[Ke[m[K );
      |                                                    [01;32m[K~[m[K[01;32m[K~[m[K[01;32m[K^[m[K   [01;34m[K~[m[K[01;34m[K~[m[K[01;34m[K~[m[K[01;34m[K~[m[K[01;34m[K~[m[K[01;34m[K~[m[K[01;34m[K~[m[K[01;34m[K~[m[K[01;34m[K~[m[K[01;34m[K~[m[K[01;34m[K~[m[K[01;34m[K~[m[K[01;34m[K~[m[K[01;34m[K~[m[K[01;34m[K~[m[K[01;34m[K~[m[K[01;34m[K~[m[K[01;34m[K~[m[K[01;34m[K~[m[K[01;34m[K~[m[K[01;34m[K~[m[K[01;34m[K~[m[K[01;34m[K~[m[K[01;34m[K~[m[K[01;34m[K~[m[K[01;34m[K~[m[K[01;34m[K~[m[K[01;34m[K~[m[K[01;34m[K~[m[K
      |                                                      [01;32m[K|[m[K                  [01;34m[K|[m[K
      |                                                      [01;32m[Klong unsigned int[m[K  [01;34m[Ksize_t {aka unsigned int}[m[K
      |                                                    [32m[K%u[m[K
[01m[Kmonitor.c:204:54:[m[K [01;35m[Kwarning: [m[Kformat '[01m[K[01;32m[K%lu[m[K[m[K' expects argument of type '[01m[K[01;32m[Klong unsigned int[m[K[m[K', but argument 4 has type '[01m[K[01;34m[Ksize_t[m[K' {aka [m[K'[01m[K[01;34m[Kunsigned int[m[K'}[m[K [[01;35m[K]8;;https://gcc.gnu.org/onlinedocs/gcc-15.2.0/gcc/Warning-Options.html#index-Wformat-Wformat=]8;;[m[K]
  204 |         bv.bv_len = snprintf( buf, sizeof( buf ), "[01;32m[K%[m[K[01;32m[Kl[m[K[01;32m[Ku[m[K", [01;34m[Km[m[K[01;34m[Ke[m[K[01;34m[Ki[m[K[01;34m[K.[m[K[01;34m[Km[m[K[01;34m[Ke[m[K[01;34m[K_[m[K[01;34m[Kl[m[K[01;34m[Ka[m[K[01;34m[Ks[m[K[01;34m[Kt[m[K[01;34m[K_[m[K[01;34m[Kp[m[K[01;34m[Kg[m[K[01;34m[Kn[m[K[01;34m[Ko[m[K[01;34m[K+[m[K[01;34m[K1[m[K );
      |                                                    [01;32m[K~[m[K[01;32m[K~[m[K[01;32m[K^[m[K   [01;34m[K~[m[K[01;34m[K~[m[K[01;34m[K~[m[K[01;34m[K~[m[K[01;34m[K~[m[K[01;34m[K~[m[K[01;34m[K~[m[K[01;34m[K~[m[K[01;34m[K~[m[K[01;34m[K~[m[K[01;34m[K~[m[K[01;34m[K~[m[K[01;34m[K~[m[K[01;34m[K~[m[K[01;34m[K~[m[K[01;34m[K~[m[K[01;34m[K~[m[K[01;34m[K~[m[K
      |                                                      [01;32m[K|[m[K                   [01;34m[K|[m[K
      |                                                      [01;32m[Klong unsigned int[m[K   [01;34m[Ksize_t {aka unsigned int}[m[K
      |                                                    [32m[K%u[m[K
[01m[Kmonitor.c:238:62:[m[K [01;35m[Kwarning: [m[Kformat '[01m[K[01;32m[K%lu[m[K[m[K' expects argument of type '[01m[K[01;32m[Klong unsigned int[m[K[m[K', but argument 4 has type '[01m[K[01;34m[Ksize_t[m[K' {aka [m[K'[01m[K[01;34m[Kunsigned int[m[K'}[m[K [[01;35m[K]8;;https://gcc.gnu.org/onlinedocs/gcc-15.2.0/gcc/Warning-Options.html#index-Wformat-Wformat=]8;;[m[K]
  238 |                 bv.bv_len = snprintf( buf, sizeof( buf ), "[01;32m[K%[m[K[01;32m[Kl[m[K[01;32m[Ku[m[K", [01;34m[Km[m[K[01;34m[Ks[m[K[01;34m[Kt[m[K[01;34m[K.[m[K[01;34m[Km[m[K[01;34m[Ks[m[K[01;34m[K_[m[K[01;34m[Ke[m[K[01;34m[Kn[m[K[01;34m[Kt[m[K[01;34m[Kr[m[K[01;34m[Ki[m[K[01;34m[Ke[m[K[01;34m[Ks[m[K );
      |                                                            [01;32m[K~[m[K[01;32m[K~[m[K[01;32m[K^[m[K   [01;34m[K~[m[K[01;34m[K~[m[K[01;34m[K~[m[K[01;34m[K~[m[K[01;34m[K~[m[K[01;34m[K~[m[K[01;34m[K~[m[K[01;34m[K~[m[K[01;34m[K~[m[K[01;34m[K~[m[K[01;34m[K~[m[K[01;34m[K~[m[K[01;34m[K~[m[K[01;34m[K~[m[K
      |                                                              [01;32m[K|[m[K      [01;34m[K|[m[K
      |                                                              [01;32m[K|[m[K      [01;34m[Ksize_t {aka unsigned int}[m[K
      |                                                              [01;32m[Klong unsigned int[m[K
      |                                                            [32m[K%u[m[K
[01m[Kmonitor.c:246:62:[m[K [01;35m[Kwarning: [m[Kformat '[01m[K[01;32m[K%lu[m[K[m[K' expects argument of type '[01m[K[01;32m[Klong unsigned int[m[K[m[K', but argument 4 has type '[01m[K[01;34m[Ksize_t[m[K' {aka [m[K'[01m[K[01;34m[Kunsigned int[m[K'}[m[K [[01;35m[K]8;;https://gcc.gnu.org/onlinedocs/gcc-15.2.0/gcc/Warning-Options.html#index-Wformat-Wformat=]8;;[m[K]
  246 |                 bv.bv_len = snprintf( buf, sizeof( buf ), "[01;32m[K%[m[K[01;32m[Kl[m[K[01;32m[Ku[m[K", [01;34m[Kp[m[K[01;34m[Ka[m[K[01;34m[Kg[m[K[01;34m[Ke[m[K[01;34m[Ks[m[K );
      |                                                            [01;32m[K~[m[K[01;32m[K~[m[K[01;32m[K^[m[K   [01;34m[K~[m[K[01;34m[K~[m[K[01;34m[K~[m[K[01;34m[K~[m[K[01;34m[K~[m[K
      |                                                              [01;32m[K|[m[K   [01;34m[K|[m[K
      |                                                              [01;32m[K|[m[K   [01;34m[Ksize_t {aka unsigned int}[m[K
      |                                                              [01;32m[Klong unsigned int[m[K
      |                                                            [32m[K%u[m[K
[01m[Kmonitor.c:[m[K In function '[01m[Kmdb_monitor_db_open[m[K':
[01m[Kmonitor.c:487:25:[m[K [01;35m[Kwarning: [m[Kignoring return value of '[01m[Kgetcwd[m[K' declared with attribute '[01m[K]8;;https://gcc.gnu.org/onlinedocs/gcc-15.2.0/gcc/Common-Function-Attributes.html#index-warn_005funused_005fresult-function-attributewarn_unused_result]8;;[m[K' [[01;35m[K]8;;https://gcc.gnu.org/onlinedocs/gcc-15.2.0/gcc/Warning-Options.html#index-Wno-unused-result-Wunused-result]8;;[m[K]
  487 |                         [01;35m[Kgetcwd( path, sizeof( path ) )[m[K;
      |                         [01;35m[K^~~~~~~~~~~~~~~~~~~~~~~~~~~~~~[m[K
cc -g -O2 -I../../include -I. -I./slapi -I. -I../../include       -c -o slapacl.o slapacl.c
cc -g -O2 -I../../include -I. -I./slapi -I. -I../../include       -c -o component.o component.c
cc -g -O2 -I../../include -I. -I./slapi -I. -I../../include       -c -o aci.o aci.c
cc -g -O2 -I../../include -I. -I./slapi -I. -I../../include       -c -o txn.o txn.c
cc -g -O2 -I../../include -I. -I./slapi -I. -I../../include       -c -o slapschema.o slapschema.c
cc -g -O2 -I../../include -I. -I./slapi -I. -I../../include       -c -o slapmodify.o slapmodify.c
/nix/store/ksdxvc92sa7h6yppixfl4xyj6632vf0x-bash-5.3p9/bin/bash ../../../libtool --tag=disable-static --mode=compile cc -g -O2 -I../../../include        -I../../../include -I.. -I./..    -DSLAPD_IMPORT -c version.c
libtool: compile:  cc -g -O2 -I../../../include -I../../../include -I.. -I./.. -DSLAPD_IMPORT -c version.c  -fPIC -DPIC -o .libs/version.o
ar rs ../liboverlays.a statover.o accesslog.o auditlog.o autoca.o collect.o constraint.o dds.o deref.o dyngroup.o dynlist.o homedir.o memberof.o nestgroup.o otp.o ppolicy.o pcache.o refint.o remoteauth.o retcode.o rwm_x.o seqmod.o sssvlv.o syncprov.o translucent.o unique.o valsort.o overlays.o
ar: creating ../liboverlays.a
make[3]: Leaving directory '/build/openldap-2.6.13/servers/slapd/overlays'
cc -g -O2 -I../../include -I. -I./slapi -I. -I../../include       -c -o version.o version.c
/nix/store/ksdxvc92sa7h6yppixfl4xyj6632vf0x-bash-5.3p9/bin/bash ../../../libtool --tag=disable-shared --mode=compile cc -g -O2 -I../../../include        -I../../../include -I.. -I./.. -I./../../../libraries/liblmdb     -c version.c
libtool: compile:  cc -g -O2 -I../../../include -I../../../include -I.. -I./.. -I./../../../libraries/liblmdb -c version.c -o version.o
ar ruv libback_mdb.a `echo init.lo tools.lo config.lo add.lo bind.lo compare.lo delete.lo modify.lo modrdn.lo search.lo extended.lo operational.lo attr.lo index.lo key.lo filterindex.lo dn2entry.lo dn2id.lo id2entry.lo idl.lo nextid.lo monitor.lo mdb.lo midl.lo | sed 's/\.lo/.o/g'` version.o
ar: `u' modifier ignored since `D' is the default (see `U')
ar: creating libback_mdb.a
a - init.o
a - tools.o
a - config.o
a - add.o
a - bind.o
a - compare.o
a - delete.o
a - modify.o
a - modrdn.o
a - search.o
a - extended.o
a - operational.o
a - attr.o
a - index.o
a - key.o
a - filterindex.o
a - dn2entry.o
a - dn2id.o
a - id2entry.o
a - idl.o
a - nextid.o
a - monitor.o
a - mdb.o
a - midl.o
a - version.o
make[3]: Leaving directory '/build/openldap-2.6.13/servers/slapd/back-mdb'
 
  cd back-relay && make -j16 --jobserver-auth=fifo:/build/GMfifo9156 all
make[3]: Entering directory '/build/openldap-2.6.13/servers/slapd/back-relay'
make[3]: warning: -j16 forced in submake: resetting jobserver mode.
rm -f version.c
/nix/store/ksdxvc92sa7h6yppixfl4xyj6632vf0x-bash-5.3p9/bin/bash ../../../libtool --tag=disable-shared --mode=compile cc -g -O2 -I../../../include        -I../../../include -I.. -I./..     -c init.c
/nix/store/ksdxvc92sa7h6yppixfl4xyj6632vf0x-bash-5.3p9/bin/bash ../../../libtool --tag=disable-shared --mode=compile cc -g -O2 -I../../../include        -I../../../include -I.. -I./..     -c op.c
../../../build/mkversion -v "2.6.13" back_relay > version.c
libtool: compile:  cc -g -O2 -I../../../include -I../../../include -I.. -I./.. -c init.c -o init.o
libtool: compile:  cc -g -O2 -I../../../include -I../../../include -I.. -I./.. -c op.c -o op.o
/nix/store/ksdxvc92sa7h6yppixfl4xyj6632vf0x-bash-5.3p9/bin/bash ../../../libtool --tag=disable-shared --mode=compile cc -g -O2 -I../../../include        -I../../../include -I.. -I./..     -c version.c
libtool: compile:  cc -g -O2 -I../../../include -I../../../include -I.. -I./.. -c version.c -o version.o
ar ruv libback_relay.a `echo init.lo op.lo | sed 's/\.lo/.o/g'` version.o
ar: `u' modifier ignored since `D' is the default (see `U')
ar: creating libback_relay.a
a - init.o
a - op.o
a - version.o
make[3]: Leaving directory '/build/openldap-2.6.13/servers/slapd/back-relay'
 
ar: `u' modifier ignored since `D' is the default (see `U')
ar: creating libbackends.a
a - ldifldif.o
a - ldifversion.o
added backend library back-ldif/libback_ldif.a

ar: `u' modifier ignored since `D' is the default (see `U')
a - mdbadd.o
a - mdbattr.o
a - mdbbind.o
a - mdbcompare.o
a - mdbconfig.o
a - mdbdelete.o
a - mdbdn2entry.o
a - mdbdn2id.o
a - mdbextended.o
a - mdbfilterindex.o
a - mdbid2entry.o
a - mdbidl.o
a - mdbindex.o
a - mdbinit.o
a - mdbkey.o
a - mdbmdb.o
a - mdbmidl.o
a - mdbmodify.o
a - mdbmodrdn.o
a - mdbmonitor.o
a - mdbnextid.o
a - mdboperational.o
a - mdbsearch.o
a - mdbtools.o
a - mdbversion.o
added backend library back-mdb/libback_mdb.a

ar: `u' modifier ignored since `D' is the default (see `U')
a - monitorbackend.o
a - monitorbind.o
a - monitorcache.o
a - monitorcompare.o
a - monitorconn.o
a - monitordatabase.o
a - monitorentry.o
a - monitorinit.o
a - monitorlistener.o
a - monitorlog.o
a - monitormodify.o
a - monitoroperation.o
a - monitoroperational.o
a - monitoroverlay.o
a - monitorrww.o
a - monitorsearch.o
a - monitorsent.o
a - monitorthread.o
a - monitortime.o
a - monitorversion.o
added backend library back-monitor/libback_monitor.a

ar: `u' modifier ignored since `D' is the default (see `U')
a - relayinit.o
a - relayop.o
a - relayversion.o
added backend library back-relay/libback_relay.a

-rw-r--r-- 1 nixbld nixbld 2411934 Jun  1 08:41 libbackends.a

/nix/store/ksdxvc92sa7h6yppixfl4xyj6632vf0x-bash-5.3p9/bin/bash ../../libtool --mode=link cc  -g -O2   -dlopen self  -o slapd main.o globals.o bconfig.o config.o daemon.o connection.o search.o filter.o add.o cr.o attr.o entry.o backend.o backends.o result.o operation.o dn.o compare.o modify.o delete.o modrdn.o ch_malloc.o value.o verbs.o ava.o bind.o unbind.o abandon.o filterentry.o phonetic.o acl.o str2filter.o aclparse.o init.o user.o lock.o logging.o controls.o extended.o passwd.o proxyp.o schema.o schema_check.o schema_init.o schema_prep.o schemaparse.o ad.o at.o mr.o syntax.o oc.o saslauthz.o oidm.o starttls.o index.o sets.o referral.o root_dse.o sasl.o module.o mra.o mods.o sl_malloc.o zn_malloc.o limits.o operational.o matchedValues.o cancel.o syncrepl.o backglue.o backover.o ctxcsn.o ldapsync.o frontend.o slapadd.o slapcat.o slapcommon.o slapdn.o slapindex.o slappasswd.o slaptest.o slapauth.o slapacl.o component.o aci.o txn.o slapschema.o slapmodify.o  version.o libbackends.a liboverlays.a ../../libraries/liblunicode/liblunicode.a ../../libraries/librewrite/librewrite.a ../../libraries/liblutil/liblutil.a ../../libraries/libldap/libldap.la ../../libraries/liblber/liblber.la -lltdl  -lsasl2 -lssl -lcrypto  -lcrypt    \
	
libtool: link: rm -f .libs/slapd.nm .libs/slapd.nmS .libs/slapd.nmT
libtool: link: rm -f ".libs/slapd.nmI"
libtool: link: (cd .libs && gcc -g -O2 -c -fno-builtin "slapdS.c")
libtool: link: rm -f ".libs/slapdS.c" ".libs/slapd.nm" ".libs/slapd.nmS" ".libs/slapd.nmT" ".libs/slapd.nmI"
libtool: link: cc -g -O2 .libs/slapdS.o -o .libs/slapd main.o globals.o bconfig.o config.o daemon.o connection.o search.o filter.o add.o cr.o attr.o entry.o backend.o backends.o result.o operation.o dn.o compare.o modify.o delete.o modrdn.o ch_malloc.o value.o verbs.o ava.o bind.o unbind.o abandon.o filterentry.o phonetic.o acl.o str2filter.o aclparse.o init.o user.o lock.o logging.o controls.o extended.o passwd.o proxyp.o schema.o schema_check.o schema_init.o schema_prep.o schemaparse.o ad.o at.o mr.o syntax.o oc.o saslauthz.o oidm.o starttls.o index.o sets.o referral.o root_dse.o sasl.o module.o mra.o mods.o sl_malloc.o zn_malloc.o limits.o operational.o matchedValues.o cancel.o syncrepl.o backglue.o backover.o ctxcsn.o ldapsync.o frontend.o slapadd.o slapcat.o slapcommon.o slapdn.o slapindex.o slappasswd.o slaptest.o slapauth.o slapacl.o component.o aci.o txn.o slapschema.o slapmodify.o version.o -Wl,--export-dynamic  libbackends.a liboverlays.a ../../libraries/liblunicode/liblunicode.a ../../libraries/librewrite/librewrite.a ../../libraries/liblutil/liblutil.a ../../libraries/libldap/.libs/libldap.so /build/openldap-2.6.13/libraries/liblber/.libs/liblber.so ../../libraries/liblber/.libs/liblber.so /nix/store/mdg474ch9pzpx39cwwfnm52qwk09b1i4-libtool-2.5.4-lib/lib/libltdl.so /nix/store/rvmiyjr19b6dngxcq7svg7d6gn904pfc-cyrus-sasl-2.1.28/lib/libsasl2.so -lssl -lcrypto /nix/store/jwws8kb2mfphcmxhlzh03ikz98hlap3d-libxcrypt-4.5.2/lib/libcrypt.so -Wl,-rpath -Wl,/nix/store/1396zxgd6hvrha86jwvr5c7h885y1v6k-openldap-2.6.13/lib -Wl,-rpath -Wl,/nix/store/mdg474ch9pzpx39cwwfnm52qwk09b1i4-libtool-2.5.4-lib/lib -Wl,-rpath -Wl,/nix/store/rvmiyjr19b6dngxcq7svg7d6gn904pfc-cyrus-sasl-2.1.28/lib -Wl,-rpath -Wl,/nix/store/jwws8kb2mfphcmxhlzh03ikz98hlap3d-libxcrypt-4.5.2/lib
rm -f slapadd slapcat slapdn slapindex slapmodify slappasswd slaptest slapauth slapacl slapschema
for i in slapadd slapcat slapdn slapindex slapmodify slappasswd slaptest slapauth slapacl slapschema; do \
	../../build/shtool mkln -s slapd $i; done
cd overlays && make -j16 --jobserver-auth=fifo:/build/GMfifo9156 dynamic
cd pwmods && make -j16 --jobserver-auth=fifo:/build/GMfifo9156 dynamic
make[3]: Entering directory '/build/openldap-2.6.13/servers/slapd/overlays'
make[3]: warning: -j16 forced in submake: resetting jobserver mode.
make[3]: Entering directory '/build/openldap-2.6.13/servers/slapd/pwmods'
make[3]: warning: -j16 forced in submake: resetting jobserver mode.
/nix/store/ksdxvc92sa7h6yppixfl4xyj6632vf0x-bash-5.3p9/bin/bash ../../../libtool --tag=disable-static --mode=compile cc -g -O2 -I../../../include -I../../../include -I.. -I./..    -DSLAPD_IMPORT -c argon2.c
rm -f version.c
make[3]: Nothing to be done for 'dynamic'.
make[3]: Leaving directory '/build/openldap-2.6.13/servers/slapd/overlays'
../../../build/mkversion -v "2.6.13" dummyvalue > version.c
/nix/store/ksdxvc92sa7h6yppixfl4xyj6632vf0x-bash-5.3p9/bin/bash ../../../libtool --tag=disable-static --mode=compile cc -g -O2 -I../../../include -I../../../include -I.. -I./..    -DSLAPD_IMPORT -c version.c
libtool: compile:  cc -g -O2 -I../../../include -I../../../include -I.. -I./.. -DSLAPD_IMPORT -c argon2.c  -fPIC -DPIC -o .libs/argon2.o
libtool: compile:  cc -g -O2 -I../../../include -I../../../include -I.. -I./.. -DSLAPD_IMPORT -c version.c  -fPIC -DPIC -o .libs/version.o
/nix/store/ksdxvc92sa7h6yppixfl4xyj6632vf0x-bash-5.3p9/bin/bash ../../../libtool --tag=disable-static --mode=link cc -g -O2    -version-info 2:200:0 -rpath /nix/store/1396zxgd6hvrha86jwvr5c7h885y1v6k-openldap-2.6.13/lib/modules -module -o argon2.la argon2.lo version.lo -lsodium  ../../../libraries/libldap/libldap.la ../../../libraries/liblber/liblber.la -lltdl
libtool: link: gcc -shared  -fPIC -DPIC  .libs/argon2.o .libs/version.o   -Wl,-rpath -Wl,/nix/store/2iljbs6ngfgb80cch9qm0wxl4s4qz78b-libsodium-1.0.22-unstable-2026-04-09/lib -Wl,-rpath -Wl,/build/openldap-2.6.13/libraries/libldap/.libs -Wl,-rpath -Wl,/build/openldap-2.6.13/libraries/liblber/.libs -Wl,-rpath -Wl,/nix/store/rvmiyjr19b6dngxcq7svg7d6gn904pfc-cyrus-sasl-2.1.28/lib -Wl,-rpath -Wl,/nix/store/mdg474ch9pzpx39cwwfnm52qwk09b1i4-libtool-2.5.4-lib/lib -Wl,-rpath -Wl,/nix/store/2iljbs6ngfgb80cch9qm0wxl4s4qz78b-libsodium-1.0.22-unstable-2026-04-09/lib -Wl,-rpath -Wl,/nix/store/1396zxgd6hvrha86jwvr5c7h885y1v6k-openldap-2.6.13/lib -Wl,-rpath -Wl,/nix/store/rvmiyjr19b6dngxcq7svg7d6gn904pfc-cyrus-sasl-2.1.28/lib -Wl,-rpath -Wl,/nix/store/mdg474ch9pzpx39cwwfnm52qwk09b1i4-libtool-2.5.4-lib/lib -L/build/openldap-2.6.13/libraries/liblber/.libs /nix/store/2iljbs6ngfgb80cch9qm0wxl4s4qz78b-libsodium-1.0.22-unstable-2026-04-09/lib/libsodium.so ../../../libraries/libldap/.libs/libldap.so -L/nix/store/rvmiyjr19b6dngxcq7svg7d6gn904pfc-cyrus-sasl-2.1.28/lib /build/openldap-2.6.13/libraries/liblber/.libs/liblber.so /nix/store/rvmiyjr19b6dngxcq7svg7d6gn904pfc-cyrus-sasl-2.1.28/lib/libsasl2.so -lssl -lcrypto ../../../libraries/liblber/.libs/liblber.so /nix/store/mdg474ch9pzpx39cwwfnm52qwk09b1i4-libtool-2.5.4-lib/lib/libltdl.so  -g -O2   -pthread -Wl,-soname -Wl,argon2.so.2 -o .libs/argon2.so.2.0.200
libtool: link: (cd ".libs" && rm -f "argon2.so.2" && ln -s "argon2.so.2.0.200" "argon2.so.2")
libtool: link: (cd ".libs" && rm -f "argon2.so" && ln -s "argon2.so.2.0.200" "argon2.so")
libtool: link: ( cd ".libs" && rm -f "argon2.la" && ln -s "../argon2.la" "argon2.la" )
make[3]: Leaving directory '/build/openldap-2.6.13/servers/slapd/pwmods'
touch all-cffiles
make[2]: Leaving directory '/build/openldap-2.6.13/servers/slapd'
 
  Entering subdirectory lloadd
make[2]: Entering directory '/build/openldap-2.6.13/servers/lloadd'
make[2]: Nothing to be done for 'all'.
make[2]: Leaving directory '/build/openldap-2.6.13/servers/lloadd'
 
make[1]: Leaving directory '/build/openldap-2.6.13/servers'
 
  Entering subdirectory tests
make[1]: Entering directory '/build/openldap-2.6.13/tests'
Making all in /build/openldap-2.6.13/tests
  Entering subdirectory progs
make[2]: Entering directory '/build/openldap-2.6.13/tests/progs'
cc -g -O2 -I../../include -I../../include       -c -o slapd-tester.o slapd-tester.c
cc -g -O2 -I../../include -I../../include       -c -o slapd-common.o slapd-common.c
cc -g -O2 -I../../include -I../../include       -c -o slapd-search.o slapd-search.c
cc -g -O2 -I../../include -I../../include       -c -o slapd-read.o slapd-read.c
cc -g -O2 -I../../include -I../../include       -c -o slapd-addel.o slapd-addel.c
cc -g -O2 -I../../include -I../../include       -c -o slapd-modrdn.o slapd-modrdn.c
cc -g -O2 -I../../include -I../../include       -c -o slapd-modify.o slapd-modify.c
cc -g -O2 -I../../include -I../../include       -c -o slapd-bind.o slapd-bind.c
cc -g -O2 -I../../include -I../../include       -c -o slapd-mtread.o slapd-mtread.c
cc -g -O2 -I../../include -I../../include       -c -o ldif-filter.o ldif-filter.c
cc -g -O2 -I../../include -I../../include       -c -o slapd-watcher.o slapd-watcher.c
[01m[Kslapd-mtread.c:[m[K In function '[01m[Kdo_read.isra[m[K':
[01m[Kslapd-mtread.c:128:50:[m[K [01;35m[Kwarning: [m[K'[01m[K%s[m[K' directive output may be truncated writing up to 8191 bytes into a region of size between 8169 and 8178 [[01;35m[K]8;;https://gcc.gnu.org/onlinedocs/gcc-15.2.0/gcc/Warning-Options.html#index-Wformat-truncation-Wformat-truncation=]8;;[m[K]
  128 |         snprintf(thrstr, BUFSIZ, "tidx: %d says: [01;32m[K%[m[K[01;32m[Ks[m[K", idx, string);
      |                                                  [01;32m[K^[m[K[01;32m[K~[m[K
......
  666 |                 thread_verbose( idx, [01;34m[Kt[m[K[01;34m[Kh[m[K[01;34m[Kr[m[K[01;34m[Ks[m[K[01;34m[Kt[m[K[01;34m[Kr[m[K );
      |                                      [01;34m[K~[m[K[01;34m[K~[m[K[01;34m[K~[m[K[01;34m[K~[m[K[01;34m[K~[m[K[01;34m[K~[m[K       
In file included from [01m[K/nix/store/8b79ylscygvnq4sh92d80zipr4am7pic-glibc-2.42-61-dev/include/stdio.h:970[m[K,
                 from [01m[Kslapd-mtread.c:31[m[K:
In function '[01m[Ksnprintf[m[K',
    inlined from '[01m[Kthread_verbose[m[K' at [01m[Kslapd-mtread.c:128:2[m[K,
    inlined from '[01m[Kthread_verbose[m[K' at [01m[Kslapd-mtread.c:122:1[m[K,
    inlined from '[01m[Kdo_read.isra[m[K' at [01m[Kslapd-mtread.c:666:3[m[K:
[01m[K/nix/store/8b79ylscygvnq4sh92d80zipr4am7pic-glibc-2.42-61-dev/include/bits/stdio2.h:68:10:[m[K [01;36m[Knote: [m[K'[01m[K__builtin___snprintf_chk[m[K' output between 15 and 8215 bytes into a destination of size 8192
   68 |   return [01;36m[K__builtin___snprintf_chk (__s, __n, __USE_FORTIFY_LEVEL - 1,[m[K
      |          [01;36m[K^~~~~~~~~~~~~~~~~~~~~~~~~~~~~~~~~~~~~~~~~~~~~~~~~~~~~~~~~~~~[m[K
   69 | [01;36m[K                                   __glibc_objsize (__s), __fmt,[m[K
      |                                    [01;36m[K~~~~~~~~~~~~~~~~~~~~~~~~~~~~~[m[K
   70 | [01;36m[K                                   __va_arg_pack ())[m[K;
      |                                    [01;36m[K~~~~~~~~~~~~~~~~~[m[K
[01m[Kslapd-mtread.c:[m[K In function '[01m[Kdo_read.isra[m[K':
[01m[Kslapd-mtread.c:128:50:[m[K [01;35m[Kwarning: [m[K'[01m[K%s[m[K' directive output may be truncated writing up to 8191 bytes into a region of size between 8169 and 8178 [[01;35m[K]8;;https://gcc.gnu.org/onlinedocs/gcc-15.2.0/gcc/Warning-Options.html#index-Wformat-truncation-Wformat-truncation=]8;;[m[K]
  128 |         snprintf(thrstr, BUFSIZ, "tidx: %d says: [01;32m[K%[m[K[01;32m[Ks[m[K", idx, string);
      |                                                  [01;32m[K^[m[K[01;32m[K~[m[K
......
  671 |         thread_verbose( idx, [01;34m[Kt[m[K[01;34m[Kh[m[K[01;34m[Kr[m[K[01;34m[Ks[m[K[01;34m[Kt[m[K[01;34m[Kr[m[K );
      |                              [01;34m[K~[m[K[01;34m[K~[m[K[01;34m[K~[m[K[01;34m[K~[m[K[01;34m[K~[m[K[01;34m[K~[m[K               
In function '[01m[Ksnprintf[m[K',
    inlined from '[01m[Kthread_verbose[m[K' at [01m[Kslapd-mtread.c:128:2[m[K,
    inlined from '[01m[Kthread_verbose[m[K' at [01m[Kslapd-mtread.c:122:1[m[K,
    inlined from '[01m[Kdo_read.isra[m[K' at [01m[Kslapd-mtread.c:671:2[m[K:
[01m[K/nix/store/8b79ylscygvnq4sh92d80zipr4am7pic-glibc-2.42-61-dev/include/bits/stdio2.h:68:10:[m[K [01;36m[Knote: [m[K'[01m[K__builtin___snprintf_chk[m[K' output between 15 and 8215 bytes into a destination of size 8192
   68 |   return [01;36m[K__builtin___snprintf_chk (__s, __n, __USE_FORTIFY_LEVEL - 1,[m[K
      |          [01;36m[K^~~~~~~~~~~~~~~~~~~~~~~~~~~~~~~~~~~~~~~~~~~~~~~~~~~~~~~~~~~~[m[K
   69 | [01;36m[K                                   __glibc_objsize (__s), __fmt,[m[K
      |                                    [01;36m[K~~~~~~~~~~~~~~~~~~~~~~~~~~~~~[m[K
   70 | [01;36m[K                                   __va_arg_pack ())[m[K;
      |                                    [01;36m[K~~~~~~~~~~~~~~~~~[m[K
[01m[Kslapd-mtread.c:[m[K In function '[01m[Kdo_onethread[m[K':
[01m[Kslapd-mtread.c:128:50:[m[K [01;35m[Kwarning: [m[K'[01m[K%s[m[K' directive output may be truncated writing up to 8191 bytes into a region of size between 8169 and 8178 [[01;35m[K]8;;https://gcc.gnu.org/onlinedocs/gcc-15.2.0/gcc/Warning-Options.html#index-Wformat-truncation-Wformat-truncation=]8;;[m[K]
  128 |         snprintf(thrstr, BUFSIZ, "tidx: %d says: [01;32m[K%[m[K[01;32m[Ks[m[K", idx, string);
      |                                                  [01;32m[K^[m[K[01;32m[K~[m[K
......
  356 |                 thread_verbose(idx, [01;34m[Kt[m[K[01;34m[Kh[m[K[01;34m[Kr[m[K[01;34m[Ks[m[K[01;34m[Kt[m[K[01;34m[Kr[m[K);
      |                                     [01;34m[K~[m[K[01;34m[K~[m[K[01;34m[K~[m[K[01;34m[K~[m[K[01;34m[K~[m[K[01;34m[K~[m[K        
In function '[01m[Ksnprintf[m[K',
    inlined from '[01m[Kthread_verbose[m[K' at [01m[Kslapd-mtread.c:128:2[m[K,
    inlined from '[01m[Kthread_verbose[m[K' at [01m[Kslapd-mtread.c:122:1[m[K,
    inlined from '[01m[Kdo_onethread[m[K' at [01m[Kslapd-mtread.c:356:3[m[K:
[01m[K/nix/store/8b79ylscygvnq4sh92d80zipr4am7pic-glibc-2.42-61-dev/include/bits/stdio2.h:68:10:[m[K [01;36m[Knote: [m[K'[01m[K__builtin___snprintf_chk[m[K' output between 15 and 8215 bytes into a destination of size 8192
   68 |   return [01;36m[K__builtin___snprintf_chk (__s, __n, __USE_FORTIFY_LEVEL - 1,[m[K
      |          [01;36m[K^~~~~~~~~~~~~~~~~~~~~~~~~~~~~~~~~~~~~~~~~~~~~~~~~~~~~~~~~~~~[m[K
   69 | [01;36m[K                                   __glibc_objsize (__s), __fmt,[m[K
      |                                    [01;36m[K~~~~~~~~~~~~~~~~~~~~~~~~~~~~~[m[K
   70 | [01;36m[K                                   __va_arg_pack ())[m[K;
      |                                    [01;36m[K~~~~~~~~~~~~~~~~~[m[K
[01m[Kslapd-mtread.c:[m[K In function '[01m[Kdo_onethread[m[K':
[01m[Kslapd-mtread.c:128:50:[m[K [01;35m[Kwarning: [m[K'[01m[K%s[m[K' directive output may be truncated writing up to 8191 bytes into a region of size between 8169 and 8178 [[01;35m[K]8;;https://gcc.gnu.org/onlinedocs/gcc-15.2.0/gcc/Warning-Options.html#index-Wformat-truncation-Wformat-truncation=]8;;[m[K]
  128 |         snprintf(thrstr, BUFSIZ, "tidx: %d says: [01;32m[K%[m[K[01;32m[Ks[m[K", idx, string);
      |                                                  [01;32m[K^[m[K[01;32m[K~[m[K
......
  367 |                 thread_verbose(idx, [01;34m[Kt[m[K[01;34m[Kh[m[K[01;34m[Kr[m[K[01;34m[Ks[m[K[01;34m[Kt[m[K[01;34m[Kr[m[K);
      |                                     [01;34m[K~[m[K[01;34m[K~[m[K[01;34m[K~[m[K[01;34m[K~[m[K[01;34m[K~[m[K[01;34m[K~[m[K        
In function '[01m[Ksnprintf[m[K',
    inlined from '[01m[Kthread_verbose[m[K' at [01m[Kslapd-mtread.c:128:2[m[K,
    inlined from '[01m[Kthread_verbose[m[K' at [01m[Kslapd-mtread.c:122:1[m[K,
    inlined from '[01m[Kdo_onethread[m[K' at [01m[Kslapd-mtread.c:367:3[m[K:
[01m[K/nix/store/8b79ylscygvnq4sh92d80zipr4am7pic-glibc-2.42-61-dev/include/bits/stdio2.h:68:10:[m[K [01;36m[Knote: [m[K'[01m[K__builtin___snprintf_chk[m[K' output between 15 and 8215 bytes into a destination of size 8192
   68 |   return [01;36m[K__builtin___snprintf_chk (__s, __n, __USE_FORTIFY_LEVEL - 1,[m[K
      |          [01;36m[K^~~~~~~~~~~~~~~~~~~~~~~~~~~~~~~~~~~~~~~~~~~~~~~~~~~~~~~~~~~~[m[K
   69 | [01;36m[K                                   __glibc_objsize (__s), __fmt,[m[K
      |                                    [01;36m[K~~~~~~~~~~~~~~~~~~~~~~~~~~~~~[m[K
   70 | [01;36m[K                                   __va_arg_pack ())[m[K;
      |                                    [01;36m[K~~~~~~~~~~~~~~~~~[m[K
[01m[Kslapd-mtread.c:[m[K In function '[01m[Kdo_onethread[m[K':
[01m[Kslapd-mtread.c:128:50:[m[K [01;35m[Kwarning: [m[K'[01m[K%s[m[K' directive output may be truncated writing up to 8191 bytes into a region of size between 8169 and 8178 [[01;35m[K]8;;https://gcc.gnu.org/onlinedocs/gcc-15.2.0/gcc/Warning-Options.html#index-Wformat-truncation-Wformat-truncation=]8;;[m[K]
  128 |         snprintf(thrstr, BUFSIZ, "tidx: %d says: [01;32m[K%[m[K[01;32m[Ks[m[K", idx, string);
      |                                                  [01;32m[K^[m[K[01;32m[K~[m[K
......
  518 |         thread_verbose( idx, [01;34m[Kt[m[K[01;34m[Kh[m[K[01;34m[Kr[m[K[01;34m[Ks[m[K[01;34m[Kt[m[K[01;34m[Kr[m[K );
      |                              [01;34m[K~[m[K[01;34m[K~[m[K[01;34m[K~[m[K[01;34m[K~[m[K[01;34m[K~[m[K[01;34m[K~[m[K               
In function '[01m[Ksnprintf[m[K',
    inlined from '[01m[Kthread_verbose[m[K' at [01m[Kslapd-mtread.c:128:2[m[K,
    inlined from '[01m[Kthread_verbose[m[K' at [01m[Kslapd-mtread.c:122:1[m[K,
    inlined from '[01m[Kdo_random[m[K' at [01m[Kslapd-mtread.c:518:2[m[K,
    inlined from '[01m[Kdo_onethread[m[K' at [01m[Kslapd-mtread.c:373:5[m[K:
[01m[K/nix/store/8b79ylscygvnq4sh92d80zipr4am7pic-glibc-2.42-61-dev/include/bits/stdio2.h:68:10:[m[K [01;36m[Knote: [m[K'[01m[K__builtin___snprintf_chk[m[K' output between 15 and 8215 bytes into a destination of size 8192
   68 |   return [01;36m[K__builtin___snprintf_chk (__s, __n, __USE_FORTIFY_LEVEL - 1,[m[K
      |          [01;36m[K^~~~~~~~~~~~~~~~~~~~~~~~~~~~~~~~~~~~~~~~~~~~~~~~~~~~~~~~~~~~[m[K
   69 | [01;36m[K                                   __glibc_objsize (__s), __fmt,[m[K
      |                                    [01;36m[K~~~~~~~~~~~~~~~~~~~~~~~~~~~~~[m[K
   70 | [01;36m[K                                   __va_arg_pack ())[m[K;
      |                                    [01;36m[K~~~~~~~~~~~~~~~~~[m[K
[01m[Kslapd-mtread.c:[m[K In function '[01m[Kdo_onethread[m[K':
[01m[Kslapd-mtread.c:128:50:[m[K [01;35m[Kwarning: [m[K'[01m[K%s[m[K' directive output may be truncated writing up to 8191 bytes into a region of size between 8169 and 8178 [[01;35m[K]8;;https://gcc.gnu.org/onlinedocs/gcc-15.2.0/gcc/Warning-Options.html#index-Wformat-truncation-Wformat-truncation=]8;;[m[K]
  128 |         snprintf(thrstr, BUFSIZ, "tidx: %d says: [01;32m[K%[m[K[01;32m[Ks[m[K", idx, string);
      |                                                  [01;32m[K^[m[K[01;32m[K~[m[K
......
  552 |                         thread_verbose( idx, [01;34m[Kt[m[K[01;34m[Kh[m[K[01;34m[Kr[m[K[01;34m[Ks[m[K[01;34m[Kt[m[K[01;34m[Kr[m[K );
      |                                              [01;34m[K~[m[K[01;34m[K~[m[K[01;34m[K~[m[K[01;34m[K~[m[K[01;34m[K~[m[K[01;34m[K~[m[K
In function '[01m[Ksnprintf[m[K',
    inlined from '[01m[Kthread_verbose[m[K' at [01m[Kslapd-mtread.c:128:2[m[K,
    inlined from '[01m[Kthread_verbose[m[K' at [01m[Kslapd-mtread.c:122:1[m[K,
    inlined from '[01m[Kdo_random[m[K' at [01m[Kslapd-mtread.c:552:4[m[K,
    inlined from '[01m[Kdo_onethread[m[K' at [01m[Kslapd-mtread.c:373:5[m[K:
[01m[K/nix/store/8b79ylscygvnq4sh92d80zipr4am7pic-glibc-2.42-61-dev/include/bits/stdio2.h:68:10:[m[K [01;36m[Knote: [m[K'[01m[K__builtin___snprintf_chk[m[K' output between 15 and 8215 bytes into a destination of size 8192
   68 |   return [01;36m[K__builtin___snprintf_chk (__s, __n, __USE_FORTIFY_LEVEL - 1,[m[K
      |          [01;36m[K^~~~~~~~~~~~~~~~~~~~~~~~~~~~~~~~~~~~~~~~~~~~~~~~~~~~~~~~~~~~[m[K
   69 | [01;36m[K                                   __glibc_objsize (__s), __fmt,[m[K
      |                                    [01;36m[K~~~~~~~~~~~~~~~~~~~~~~~~~~~~~[m[K
   70 | [01;36m[K                                   __va_arg_pack ())[m[K;
      |                                    [01;36m[K~~~~~~~~~~~~~~~~~[m[K
[01m[Kslapd-mtread.c:[m[K In function '[01m[Kdo_onethread[m[K':
[01m[Kslapd-mtread.c:128:50:[m[K [01;35m[Kwarning: [m[K'[01m[K%s[m[K' directive output may be truncated writing up to 8191 bytes into a region of size between 8169 and 8178 [[01;35m[K]8;;https://gcc.gnu.org/onlinedocs/gcc-15.2.0/gcc/Warning-Options.html#index-Wformat-truncation-Wformat-truncation=]8;;[m[K]
  128 |         snprintf(thrstr, BUFSIZ, "tidx: %d says: [01;32m[K%[m[K[01;32m[Ks[m[K", idx, string);
      |                                                  [01;32m[K^[m[K[01;32m[K~[m[K
......
  575 |         thread_verbose( idx, [01;34m[Kt[m[K[01;34m[Kh[m[K[01;34m[Kr[m[K[01;34m[Ks[m[K[01;34m[Kt[m[K[01;34m[Kr[m[K );
      |                              [01;34m[K~[m[K[01;34m[K~[m[K[01;34m[K~[m[K[01;34m[K~[m[K[01;34m[K~[m[K[01;34m[K~[m[K               
In function '[01m[Ksnprintf[m[K',
    inlined from '[01m[Kthread_verbose[m[K' at [01m[Kslapd-mtread.c:128:2[m[K,
    inlined from '[01m[Kthread_verbose[m[K' at [01m[Kslapd-mtread.c:122:1[m[K,
    inlined from '[01m[Kdo_random[m[K' at [01m[Kslapd-mtread.c:575:2[m[K,
    inlined from '[01m[Kdo_onethread[m[K' at [01m[Kslapd-mtread.c:373:5[m[K:
[01m[K/nix/store/8b79ylscygvnq4sh92d80zipr4am7pic-glibc-2.42-61-dev/include/bits/stdio2.h:68:10:[m[K [01;36m[Knote: [m[K'[01m[K__builtin___snprintf_chk[m[K' output between 15 and 8215 bytes into a destination of size 8192
   68 |   return [01;36m[K__builtin___snprintf_chk (__s, __n, __USE_FORTIFY_LEVEL - 1,[m[K
      |          [01;36m[K^~~~~~~~~~~~~~~~~~~~~~~~~~~~~~~~~~~~~~~~~~~~~~~~~~~~~~~~~~~~[m[K
   69 | [01;36m[K                                   __glibc_objsize (__s), __fmt,[m[K
      |                                    [01;36m[K~~~~~~~~~~~~~~~~~~~~~~~~~~~~~[m[K
   70 | [01;36m[K                                   __va_arg_pack ())[m[K;
      |                                    [01;36m[K~~~~~~~~~~~~~~~~~[m[K
[01m[Kslapd-mtread.c:[m[K In function '[01m[Kdo_onethread[m[K':
[01m[Kslapd-mtread.c:128:50:[m[K [01;35m[Kwarning: [m[K'[01m[K%s[m[K' directive output may be truncated writing up to 8191 bytes into a region of size between 8169 and 8178 [[01;35m[K]8;;https://gcc.gnu.org/onlinedocs/gcc-15.2.0/gcc/Warning-Options.html#index-Wformat-truncation-Wformat-truncation=]8;;[m[K]
  128 |         snprintf(thrstr, BUFSIZ, "tidx: %d says: [01;32m[K%[m[K[01;32m[Ks[m[K", idx, string);
      |                                                  [01;32m[K^[m[K[01;32m[K~[m[K
......
  596 |         thread_verbose( idx, [01;34m[Kt[m[K[01;34m[Kh[m[K[01;34m[Kr[m[K[01;34m[Ks[m[K[01;34m[Kt[m[K[01;34m[Kr[m[K );
      |                              [01;34m[K~[m[K[01;34m[K~[m[K[01;34m[K~[m[K[01;34m[K~[m[K[01;34m[K~[m[K[01;34m[K~[m[K               
In function '[01m[Ksnprintf[m[K',
    inlined from '[01m[Kthread_verbose[m[K' at [01m[Kslapd-mtread.c:128:2[m[K,
    inlined from '[01m[Kthread_verbose[m[K' at [01m[Kslapd-mtread.c:122:1[m[K,
    inlined from '[01m[Kdo_random2[m[K' at [01m[Kslapd-mtread.c:596:2[m[K,
    inlined from '[01m[Kdo_onethread[m[K' at [01m[Kslapd-mtread.c:370:5[m[K:
[01m[K/nix/store/8b79ylscygvnq4sh92d80zipr4am7pic-glibc-2.42-61-dev/include/bits/stdio2.h:68:10:[m[K [01;36m[Knote: [m[K'[01m[K__builtin___snprintf_chk[m[K' output between 15 and 8215 bytes into a destination of size 8192
   68 |   return [01;36m[K__builtin___snprintf_chk (__s, __n, __USE_FORTIFY_LEVEL - 1,[m[K
      |          [01;36m[K^~~~~~~~~~~~~~~~~~~~~~~~~~~~~~~~~~~~~~~~~~~~~~~~~~~~~~~~~~~~[m[K
   69 | [01;36m[K                                   __glibc_objsize (__s), __fmt,[m[K
      |                                    [01;36m[K~~~~~~~~~~~~~~~~~~~~~~~~~~~~~[m[K
   70 | [01;36m[K                                   __va_arg_pack ())[m[K;
      |                                    [01;36m[K~~~~~~~~~~~~~~~~~[m[K
[01m[Kslapd-mtread.c:[m[K In function '[01m[Kdo_onethread[m[K':
[01m[Kslapd-mtread.c:128:50:[m[K [01;35m[Kwarning: [m[K'[01m[K%s[m[K' directive output may be truncated writing up to 8191 bytes into a region of size between 8169 and 8178 [[01;35m[K]8;;https://gcc.gnu.org/onlinedocs/gcc-15.2.0/gcc/Warning-Options.html#index-Wformat-truncation-Wformat-truncation=]8;;[m[K]
  128 |         snprintf(thrstr, BUFSIZ, "tidx: %d says: [01;32m[K%[m[K[01;32m[Ks[m[K", idx, string);
      |                                                  [01;32m[K^[m[K[01;32m[K~[m[K
......
  650 |         thread_verbose( idx, [01;34m[Kt[m[K[01;34m[Kh[m[K[01;34m[Kr[m[K[01;34m[Ks[m[K[01;34m[Kt[m[K[01;34m[Kr[m[K );
      |                              [01;34m[K~[m[K[01;34m[K~[m[K[01;34m[K~[m[K[01;34m[K~[m[K[01;34m[K~[m[K[01;34m[K~[m[K               
In function '[01m[Ksnprintf[m[K',
    inlined from '[01m[Kthread_verbose[m[K' at [01m[Kslapd-mtread.c:128:2[m[K,
    inlined from '[01m[Kthread_verbose[m[K' at [01m[Kslapd-mtread.c:122:1[m[K,
    inlined from '[01m[Kdo_random2[m[K' at [01m[Kslapd-mtread.c:650:2[m[K,
    inlined from '[01m[Kdo_onethread[m[K' at [01m[Kslapd-mtread.c:370:5[m[K:
[01m[K/nix/store/8b79ylscygvnq4sh92d80zipr4am7pic-glibc-2.42-61-dev/include/bits/stdio2.h:68:10:[m[K [01;36m[Knote: [m[K'[01m[K__builtin___snprintf_chk[m[K' output between 15 and 8215 bytes into a destination of size 8192
   68 |   return [01;36m[K__builtin___snprintf_chk (__s, __n, __USE_FORTIFY_LEVEL - 1,[m[K
      |          [01;36m[K^~~~~~~~~~~~~~~~~~~~~~~~~~~~~~~~~~~~~~~~~~~~~~~~~~~~~~~~~~~~[m[K
   69 | [01;36m[K                                   __glibc_objsize (__s), __fmt,[m[K
      |                                    [01;36m[K~~~~~~~~~~~~~~~~~~~~~~~~~~~~~[m[K
   70 | [01;36m[K                                   __va_arg_pack ())[m[K;
      |                                    [01;36m[K~~~~~~~~~~~~~~~~~[m[K
/nix/store/ksdxvc92sa7h6yppixfl4xyj6632vf0x-bash-5.3p9/bin/bash ../../libtool --mode=link cc  -g -O2     -o slapd-read slapd-read.o slapd-common.o ../../libraries/libldap/libldap.la ../../libraries/liblutil/liblutil.a ../../libraries/libldap/libldap.la ../../libraries/liblber/liblber.la -lsasl2 -lssl -lcrypto  -lcrypt  
/nix/store/ksdxvc92sa7h6yppixfl4xyj6632vf0x-bash-5.3p9/bin/bash ../../libtool --mode=link cc  -g -O2     -o slapd-addel slapd-addel.o slapd-common.o ../../libraries/libldap/libldap.la ../../libraries/liblutil/liblutil.a ../../libraries/libldap/libldap.la ../../libraries/liblber/liblber.la -lsasl2 -lssl -lcrypto  -lcrypt  
/nix/store/ksdxvc92sa7h6yppixfl4xyj6632vf0x-bash-5.3p9/bin/bash ../../libtool --mode=link cc  -g -O2     -o slapd-modrdn slapd-modrdn.o slapd-common.o ../../libraries/libldap/libldap.la ../../libraries/liblutil/liblutil.a ../../libraries/libldap/libldap.la ../../libraries/liblber/liblber.la -lsasl2 -lssl -lcrypto  -lcrypt  
/nix/store/ksdxvc92sa7h6yppixfl4xyj6632vf0x-bash-5.3p9/bin/bash ../../libtool --mode=link cc  -g -O2     -o slapd-modify slapd-modify.o slapd-common.o ../../libraries/libldap/libldap.la ../../libraries/liblutil/liblutil.a ../../libraries/libldap/libldap.la ../../libraries/liblber/liblber.la -lsasl2 -lssl -lcrypto  -lcrypt  
/nix/store/ksdxvc92sa7h6yppixfl4xyj6632vf0x-bash-5.3p9/bin/bash ../../libtool --mode=link cc  -g -O2     -o slapd-bind slapd-bind.o slapd-common.o ../../libraries/libldap/libldap.la ../../libraries/liblutil/liblutil.a ../../libraries/libldap/libldap.la ../../libraries/liblber/liblber.la -lsasl2 -lssl -lcrypto  -lcrypt  
/nix/store/ksdxvc92sa7h6yppixfl4xyj6632vf0x-bash-5.3p9/bin/bash ../../libtool --mode=link cc  -g -O2     -o ldif-filter ldif-filter.o slapd-common.o ../../libraries/libldap/libldap.la ../../libraries/liblutil/liblutil.a ../../libraries/libldap/libldap.la ../../libraries/liblber/liblber.la -lsasl2 -lssl -lcrypto  -lcrypt  
/nix/store/ksdxvc92sa7h6yppixfl4xyj6632vf0x-bash-5.3p9/bin/bash ../../libtool --mode=link cc  -g -O2     -o slapd-search slapd-search.o slapd-common.o ../../libraries/libldap/libldap.la ../../libraries/liblutil/liblutil.a ../../libraries/libldap/libldap.la ../../libraries/liblber/liblber.la -lsasl2 -lssl -lcrypto  -lcrypt  
[01m[Kslapd-mtread.c:[m[K In function '[01m[Kdo_onerwthread[m[K':
[01m[Kslapd-mtread.c:128:50:[m[K [01;35m[Kwarning: [m[K'[01m[K%s[m[K' directive output may be truncated writing up to 8191 bytes into a region of size between 8169 and 8178 [[01;35m[K]8;;https://gcc.gnu.org/onlinedocs/gcc-15.2.0/gcc/Warning-Options.html#index-Wformat-truncation-Wformat-truncation=]8;;[m[K]
  128 |         snprintf(thrstr, BUFSIZ, "tidx: %d says: [01;32m[K%[m[K[01;32m[Ks[m[K", idx, string);
      |                                                  [01;32m[K^[m[K[01;32m[K~[m[K
......
  444 |                 thread_verbose(idx, [01;34m[Kt[m[K[01;34m[Kh[m[K[01;34m[Kr[m[K[01;34m[Ks[m[K[01;34m[Kt[m[K[01;34m[Kr[m[K);
      |                                     [01;34m[K~[m[K[01;34m[K~[m[K[01;34m[K~[m[K[01;34m[K~[m[K[01;34m[K~[m[K[01;34m[K~[m[K        
In function '[01m[Ksnprintf[m[K',
    inlined from '[01m[Kthread_verbose[m[K' at [01m[Kslapd-mtread.c:128:2[m[K,
    inlined from '[01m[Kthread_verbose[m[K' at [01m[Kslapd-mtread.c:122:1[m[K,
    inlined from '[01m[Kdo_onerwthread[m[K' at [01m[Kslapd-mtread.c:444:3[m[K:
[01m[K/nix/store/8b79ylscygvnq4sh92d80zipr4am7pic-glibc-2.42-61-dev/include/bits/stdio2.h:68:10:[m[K [01;36m[Knote: [m[K'[01m[K__builtin___snprintf_chk[m[K' output between 15 and 8215 bytes into a destination of size 8192
   68 |   return [01;36m[K__builtin___snprintf_chk (__s, __n, __USE_FORTIFY_LEVEL - 1,[m[K
      |          [01;36m[K^~~~~~~~~~~~~~~~~~~~~~~~~~~~~~~~~~~~~~~~~~~~~~~~~~~~~~~~~~~~[m[K
   69 | [01;36m[K                                   __glibc_objsize (__s), __fmt,[m[K
      |                                    [01;36m[K~~~~~~~~~~~~~~~~~~~~~~~~~~~~~[m[K
   70 | [01;36m[K                                   __va_arg_pack ())[m[K;
      |                                    [01;36m[K~~~~~~~~~~~~~~~~~[m[K
[01m[Kslapd-mtread.c:[m[K In function '[01m[Kdo_onerwthread[m[K':
[01m[Kslapd-mtread.c:128:50:[m[K [01;35m[Kwarning: [m[K'[01m[K%s[m[K' directive output may be truncated writing up to 8191 bytes into a region of size between 8169 and 8178 [[01;35m[K]8;;https://gcc.gnu.org/onlinedocs/gcc-15.2.0/gcc/Warning-Options.html#index-Wformat-truncation-Wformat-truncation=]8;;[m[K]
  128 |         snprintf(thrstr, BUFSIZ, "tidx: %d says: [01;32m[K%[m[K[01;32m[Ks[m[K", idx, string);
      |                                                  [01;32m[K^[m[K[01;32m[K~[m[K
......
  455 |                 thread_verbose(idx, [01;34m[Kt[m[K[01;34m[Kh[m[K[01;34m[Kr[m[K[01;34m[Ks[m[K[01;34m[Kt[m[K[01;34m[Kr[m[K);
      |                                     [01;34m[K~[m[K[01;34m[K~[m[K[01;34m[K~[m[K[01;34m[K~[m[K[01;34m[K~[m[K[01;34m[K~[m[K        
In function '[01m[Ksnprintf[m[K',
    inlined from '[01m[Kthread_verbose[m[K' at [01m[Kslapd-mtread.c:128:2[m[K,
    inlined from '[01m[Kthread_verbose[m[K' at [01m[Kslapd-mtread.c:122:1[m[K,
    inlined from '[01m[Kdo_onerwthread[m[K' at [01m[Kslapd-mtread.c:455:3[m[K:
[01m[K/nix/store/8b79ylscygvnq4sh92d80zipr4am7pic-glibc-2.42-61-dev/include/bits/stdio2.h:68:10:[m[K [01;36m[Knote: [m[K'[01m[K__builtin___snprintf_chk[m[K' output between 15 and 8215 bytes into a destination of size 8192
   68 |   return [01;36m[K__builtin___snprintf_chk (__s, __n, __USE_FORTIFY_LEVEL - 1,[m[K
      |          [01;36m[K^~~~~~~~~~~~~~~~~~~~~~~~~~~~~~~~~~~~~~~~~~~~~~~~~~~~~~~~~~~~[m[K
   69 | [01;36m[K                                   __glibc_objsize (__s), __fmt,[m[K
      |                                    [01;36m[K~~~~~~~~~~~~~~~~~~~~~~~~~~~~~[m[K
   70 | [01;36m[K                                   __va_arg_pack ())[m[K;
      |                                    [01;36m[K~~~~~~~~~~~~~~~~~[m[K
[01m[Kslapd-mtread.c:[m[K In function '[01m[Kdo_onerwthread[m[K':
[01m[Kslapd-mtread.c:128:50:[m[K [01;35m[Kwarning: [m[K'[01m[K%s[m[K' directive output may be truncated writing up to 8191 bytes into a region of size between 8169 and 8178 [[01;35m[K]8;;https://gcc.gnu.org/onlinedocs/gcc-15.2.0/gcc/Warning-Options.html#index-Wformat-truncation-Wformat-truncation=]8;;[m[K]
  128 |         snprintf(thrstr, BUFSIZ, "tidx: %d says: [01;32m[K%[m[K[01;32m[Ks[m[K", idx, string);
      |                                                  [01;32m[K^[m[K[01;32m[K~[m[K
......
  487 |                 thread_verbose(idx, [01;34m[Kt[m[K[01;34m[Kh[m[K[01;34m[Kr[m[K[01;34m[Ks[m[K[01;34m[Kt[m[K[01;34m[Kr[m[K);
      |                                     [01;34m[K~[m[K[01;34m[K~[m[K[01;34m[K~[m[K[01;34m[K~[m[K[01;34m[K~[m[K[01;34m[K~[m[K        
In function '[01m[Ksnprintf[m[K',
    inlined from '[01m[Kthread_verbose[m[K' at [01m[Kslapd-mtread.c:128:2[m[K,
    inlined from '[01m[Kthread_verbose[m[K' at [01m[Kslapd-mtread.c:122:1[m[K,
    inlined from '[01m[Kdo_onerwthread[m[K' at [01m[Kslapd-mtread.c:487:3[m[K:
[01m[K/nix/store/8b79ylscygvnq4sh92d80zipr4am7pic-glibc-2.42-61-dev/include/bits/stdio2.h:68:10:[m[K [01;36m[Knote: [m[K'[01m[K__builtin___snprintf_chk[m[K' output between 15 and 8215 bytes into a destination of size 8192
   68 |   return [01;36m[K__builtin___snprintf_chk (__s, __n, __USE_FORTIFY_LEVEL - 1,[m[K
      |          [01;36m[K^~~~~~~~~~~~~~~~~~~~~~~~~~~~~~~~~~~~~~~~~~~~~~~~~~~~~~~~~~~~[m[K
   69 | [01;36m[K                                   __glibc_objsize (__s), __fmt,[m[K
      |                                    [01;36m[K~~~~~~~~~~~~~~~~~~~~~~~~~~~~~[m[K
   70 | [01;36m[K                                   __va_arg_pack ())[m[K;
      |                                    [01;36m[K~~~~~~~~~~~~~~~~~[m[K
libtool: link: cc -g -O2 -o .libs/slapd-read slapd-read.o slapd-common.o  ../../libraries/liblutil/liblutil.a ../../libraries/libldap/.libs/libldap.so /build/openldap-2.6.13/libraries/liblber/.libs/liblber.so ../../libraries/liblber/.libs/liblber.so /nix/store/rvmiyjr19b6dngxcq7svg7d6gn904pfc-cyrus-sasl-2.1.28/lib/libsasl2.so -lssl -lcrypto /nix/store/jwws8kb2mfphcmxhlzh03ikz98hlap3d-libxcrypt-4.5.2/lib/libcrypt.so -Wl,-rpath -Wl,/nix/store/1396zxgd6hvrha86jwvr5c7h885y1v6k-openldap-2.6.13/lib -Wl,-rpath -Wl,/nix/store/rvmiyjr19b6dngxcq7svg7d6gn904pfc-cyrus-sasl-2.1.28/lib -Wl,-rpath -Wl,/nix/store/jwws8kb2mfphcmxhlzh03ikz98hlap3d-libxcrypt-4.5.2/lib
libtool: link: cc -g -O2 -o .libs/ldif-filter ldif-filter.o slapd-common.o  ../../libraries/liblutil/liblutil.a ../../libraries/libldap/.libs/libldap.so /build/openldap-2.6.13/libraries/liblber/.libs/liblber.so ../../libraries/liblber/.libs/liblber.so /nix/store/rvmiyjr19b6dngxcq7svg7d6gn904pfc-cyrus-sasl-2.1.28/lib/libsasl2.so -lssl -lcrypto /nix/store/jwws8kb2mfphcmxhlzh03ikz98hlap3d-libxcrypt-4.5.2/lib/libcrypt.so -Wl,-rpath -Wl,/nix/store/1396zxgd6hvrha86jwvr5c7h885y1v6k-openldap-2.6.13/lib -Wl,-rpath -Wl,/nix/store/rvmiyjr19b6dngxcq7svg7d6gn904pfc-cyrus-sasl-2.1.28/lib -Wl,-rpath -Wl,/nix/store/jwws8kb2mfphcmxhlzh03ikz98hlap3d-libxcrypt-4.5.2/lib
libtool: link: cc -g -O2 -o .libs/slapd-bind slapd-bind.o slapd-common.o  ../../libraries/liblutil/liblutil.a ../../libraries/libldap/.libs/libldap.so /build/openldap-2.6.13/libraries/liblber/.libs/liblber.so ../../libraries/liblber/.libs/liblber.so /nix/store/rvmiyjr19b6dngxcq7svg7d6gn904pfc-cyrus-sasl-2.1.28/lib/libsasl2.so -lssl -lcrypto /nix/store/jwws8kb2mfphcmxhlzh03ikz98hlap3d-libxcrypt-4.5.2/lib/libcrypt.so -Wl,-rpath -Wl,/nix/store/1396zxgd6hvrha86jwvr5c7h885y1v6k-openldap-2.6.13/lib -Wl,-rpath -Wl,/nix/store/rvmiyjr19b6dngxcq7svg7d6gn904pfc-cyrus-sasl-2.1.28/lib -Wl,-rpath -Wl,/nix/store/jwws8kb2mfphcmxhlzh03ikz98hlap3d-libxcrypt-4.5.2/lib
libtool: link: cc -g -O2 -o .libs/slapd-addel slapd-addel.o slapd-common.o  ../../libraries/liblutil/liblutil.a ../../libraries/libldap/.libs/libldap.so /build/openldap-2.6.13/libraries/liblber/.libs/liblber.so ../../libraries/liblber/.libs/liblber.so /nix/store/rvmiyjr19b6dngxcq7svg7d6gn904pfc-cyrus-sasl-2.1.28/lib/libsasl2.so -lssl -lcrypto /nix/store/jwws8kb2mfphcmxhlzh03ikz98hlap3d-libxcrypt-4.5.2/lib/libcrypt.so -Wl,-rpath -Wl,/nix/store/1396zxgd6hvrha86jwvr5c7h885y1v6k-openldap-2.6.13/lib -Wl,-rpath -Wl,/nix/store/rvmiyjr19b6dngxcq7svg7d6gn904pfc-cyrus-sasl-2.1.28/lib -Wl,-rpath -Wl,/nix/store/jwws8kb2mfphcmxhlzh03ikz98hlap3d-libxcrypt-4.5.2/lib
libtool: link: cc -g -O2 -o .libs/slapd-modrdn slapd-modrdn.o slapd-common.o  ../../libraries/liblutil/liblutil.a ../../libraries/libldap/.libs/libldap.so /build/openldap-2.6.13/libraries/liblber/.libs/liblber.so ../../libraries/liblber/.libs/liblber.so /nix/store/rvmiyjr19b6dngxcq7svg7d6gn904pfc-cyrus-sasl-2.1.28/lib/libsasl2.so -lssl -lcrypto /nix/store/jwws8kb2mfphcmxhlzh03ikz98hlap3d-libxcrypt-4.5.2/lib/libcrypt.so -Wl,-rpath -Wl,/nix/store/1396zxgd6hvrha86jwvr5c7h885y1v6k-openldap-2.6.13/lib -Wl,-rpath -Wl,/nix/store/rvmiyjr19b6dngxcq7svg7d6gn904pfc-cyrus-sasl-2.1.28/lib -Wl,-rpath -Wl,/nix/store/jwws8kb2mfphcmxhlzh03ikz98hlap3d-libxcrypt-4.5.2/lib
libtool: link: cc -g -O2 -o .libs/slapd-modify slapd-modify.o slapd-common.o  ../../libraries/liblutil/liblutil.a ../../libraries/libldap/.libs/libldap.so /build/openldap-2.6.13/libraries/liblber/.libs/liblber.so ../../libraries/liblber/.libs/liblber.so /nix/store/rvmiyjr19b6dngxcq7svg7d6gn904pfc-cyrus-sasl-2.1.28/lib/libsasl2.so -lssl -lcrypto /nix/store/jwws8kb2mfphcmxhlzh03ikz98hlap3d-libxcrypt-4.5.2/lib/libcrypt.so -Wl,-rpath -Wl,/nix/store/1396zxgd6hvrha86jwvr5c7h885y1v6k-openldap-2.6.13/lib -Wl,-rpath -Wl,/nix/store/rvmiyjr19b6dngxcq7svg7d6gn904pfc-cyrus-sasl-2.1.28/lib -Wl,-rpath -Wl,/nix/store/jwws8kb2mfphcmxhlzh03ikz98hlap3d-libxcrypt-4.5.2/lib
[01m[Kslapd-mtread.c:[m[K In function '[01m[Kmain[m[K':
[01m[Kslapd-mtread.c:268:61:[m[K [01;35m[Kwarning: [m[K'[01m[K%s[m[K' directive argument is null [[01;35m[K]8;;https://gcc.gnu.org/onlinedocs/gcc-15.2.0/gcc/Warning-Options.html#index-Wformat-truncation-Wformat-truncation=]8;;[m[K]
  268 |         snprintf(outstr, BUFSIZ, "MT Test Start: conns: %d ([01;32m[K%[m[K[01;32m[Ks[m[K)", noconns, uri);
      |                                                             [01;32m[K^[m[K[01;32m[K~[m[K
[01m[Kslapd-mtread.c:128:50:[m[K [01;35m[Kwarning: [m[K'[01m[K%s[m[K' directive output may be truncated writing up to 8191 bytes into a region of size 8177 [[01;35m[K]8;;https://gcc.gnu.org/onlinedocs/gcc-15.2.0/gcc/Warning-Options.html#index-Wformat-truncation-Wformat-truncation=]8;;[m[K]
  128 |         snprintf(thrstr, BUFSIZ, "tidx: %d says: [01;32m[K%[m[K[01;32m[Ks[m[K", idx, string);
      |                                                  [01;32m[K^[m[K[01;32m[K~[m[K
......
  277 |                 thread_verbose(-1, [01;34m[Ko[m[K[01;34m[Ku[m[K[01;34m[Kt[m[K[01;34m[Ks[m[K[01;34m[Kt[m[K[01;34m[Kr[m[K);
      |                                    [01;34m[K~[m[K[01;34m[K~[m[K[01;34m[K~[m[K[01;34m[K~[m[K[01;34m[K~[m[K[01;34m[K~[m[K         
In function '[01m[Ksnprintf[m[K',
    inlined from '[01m[Kthread_verbose[m[K' at [01m[Kslapd-mtread.c:128:2[m[K,
    inlined from '[01m[Kthread_verbose[m[K' at [01m[Kslapd-mtread.c:122:1[m[K,
    inlined from '[01m[Kmain[m[K' at [01m[Kslapd-mtread.c:277:3[m[K:
[01m[K/nix/store/8b79ylscygvnq4sh92d80zipr4am7pic-glibc-2.42-61-dev/include/bits/stdio2.h:68:10:[m[K [01;36m[Knote: [m[K'[01m[K__builtin___snprintf_chk[m[K' output between 16 and 8207 bytes into a destination of size 8192
   68 |   return [01;36m[K__builtin___snprintf_chk (__s, __n, __USE_FORTIFY_LEVEL - 1,[m[K
      |          [01;36m[K^~~~~~~~~~~~~~~~~~~~~~~~~~~~~~~~~~~~~~~~~~~~~~~~~~~~~~~~~~~~[m[K
   69 | [01;36m[K                                   __glibc_objsize (__s), __fmt,[m[K
      |                                    [01;36m[K~~~~~~~~~~~~~~~~~~~~~~~~~~~~~[m[K
   70 | [01;36m[K                                   __va_arg_pack ())[m[K;
      |                                    [01;36m[K~~~~~~~~~~~~~~~~~[m[K
[01m[Kslapd-mtread.c:[m[K In function '[01m[Kmain[m[K':
[01m[Kslapd-mtread.c:128:50:[m[K [01;35m[Kwarning: [m[K'[01m[K%s[m[K' directive output may be truncated writing up to 8191 bytes into a region of size 8177 [[01;35m[K]8;;https://gcc.gnu.org/onlinedocs/gcc-15.2.0/gcc/Warning-Options.html#index-Wformat-truncation-Wformat-truncation=]8;;[m[K]
  128 |         snprintf(thrstr, BUFSIZ, "tidx: %d says: [01;32m[K%[m[K[01;32m[Ks[m[K", idx, string);
      |                                                  [01;32m[K^[m[K[01;32m[K~[m[K
......
  283 |                 thread_verbose(-1, [01;34m[Ko[m[K[01;34m[Ku[m[K[01;34m[Kt[m[K[01;34m[Ks[m[K[01;34m[Kt[m[K[01;34m[Kr[m[K);
      |                                    [01;34m[K~[m[K[01;34m[K~[m[K[01;34m[K~[m[K[01;34m[K~[m[K[01;34m[K~[m[K[01;34m[K~[m[K         
In function '[01m[Ksnprintf[m[K',
    inlined from '[01m[Kthread_verbose[m[K' at [01m[Kslapd-mtread.c:128:2[m[K,
    inlined from '[01m[Kthread_verbose[m[K' at [01m[Kslapd-mtread.c:122:1[m[K,
    inlined from '[01m[Kmain[m[K' at [01m[Kslapd-mtread.c:283:3[m[K:
[01m[K/nix/store/8b79ylscygvnq4sh92d80zipr4am7pic-glibc-2.42-61-dev/include/bits/stdio2.h:68:10:[m[K [01;36m[Knote: [m[K'[01m[K__builtin___snprintf_chk[m[K' output between 16 and 8207 bytes into a destination of size 8192
   68 |   return [01;36m[K__builtin___snprintf_chk (__s, __n, __USE_FORTIFY_LEVEL - 1,[m[K
      |          [01;36m[K^~~~~~~~~~~~~~~~~~~~~~~~~~~~~~~~~~~~~~~~~~~~~~~~~~~~~~~~~~~~[m[K
   69 | [01;36m[K                                   __glibc_objsize (__s), __fmt,[m[K
      |                                    [01;36m[K~~~~~~~~~~~~~~~~~~~~~~~~~~~~~[m[K
   70 | [01;36m[K                                   __va_arg_pack ())[m[K;
      |                                    [01;36m[K~~~~~~~~~~~~~~~~~[m[K
libtool: link: cc -g -O2 -o .libs/slapd-search slapd-search.o slapd-common.o  ../../libraries/liblutil/liblutil.a ../../libraries/libldap/.libs/libldap.so /build/openldap-2.6.13/libraries/liblber/.libs/liblber.so ../../libraries/liblber/.libs/liblber.so /nix/store/rvmiyjr19b6dngxcq7svg7d6gn904pfc-cyrus-sasl-2.1.28/lib/libsasl2.so -lssl -lcrypto /nix/store/jwws8kb2mfphcmxhlzh03ikz98hlap3d-libxcrypt-4.5.2/lib/libcrypt.so -Wl,-rpath -Wl,/nix/store/1396zxgd6hvrha86jwvr5c7h885y1v6k-openldap-2.6.13/lib -Wl,-rpath -Wl,/nix/store/rvmiyjr19b6dngxcq7svg7d6gn904pfc-cyrus-sasl-2.1.28/lib -Wl,-rpath -Wl,/nix/store/jwws8kb2mfphcmxhlzh03ikz98hlap3d-libxcrypt-4.5.2/lib
/nix/store/ksdxvc92sa7h6yppixfl4xyj6632vf0x-bash-5.3p9/bin/bash ../../libtool --mode=link cc  -g -O2     -o slapd-tester slapd-tester.o slapd-common.o ../../libraries/libldap/libldap.la ../../libraries/liblutil/liblutil.a ../../libraries/libldap/libldap.la ../../libraries/liblber/liblber.la -lsasl2 -lssl -lcrypto  -lcrypt  
/nix/store/ksdxvc92sa7h6yppixfl4xyj6632vf0x-bash-5.3p9/bin/bash ../../libtool --mode=link cc  -g -O2     -o slapd-mtread slapd-mtread.o slapd-common.o ../../libraries/libldap/libldap.la ../../libraries/liblutil/liblutil.a ../../libraries/libldap/libldap.la ../../libraries/liblber/liblber.la -lsasl2 -lssl -lcrypto  -lcrypt  
/nix/store/ksdxvc92sa7h6yppixfl4xyj6632vf0x-bash-5.3p9/bin/bash ../../libtool --mode=link cc  -g -O2     -o slapd-watcher slapd-watcher.o slapd-common.o ../../libraries/libldap/libldap.la ../../libraries/liblutil/liblutil.a ../../libraries/libldap/libldap.la ../../libraries/liblber/liblber.la -lsasl2 -lssl -lcrypto  -lcrypt  
libtool: link: cc -g -O2 -o .libs/slapd-tester slapd-tester.o slapd-common.o  ../../libraries/liblutil/liblutil.a ../../libraries/libldap/.libs/libldap.so /build/openldap-2.6.13/libraries/liblber/.libs/liblber.so ../../libraries/liblber/.libs/liblber.so /nix/store/rvmiyjr19b6dngxcq7svg7d6gn904pfc-cyrus-sasl-2.1.28/lib/libsasl2.so -lssl -lcrypto /nix/store/jwws8kb2mfphcmxhlzh03ikz98hlap3d-libxcrypt-4.5.2/lib/libcrypt.so -Wl,-rpath -Wl,/nix/store/1396zxgd6hvrha86jwvr5c7h885y1v6k-openldap-2.6.13/lib -Wl,-rpath -Wl,/nix/store/rvmiyjr19b6dngxcq7svg7d6gn904pfc-cyrus-sasl-2.1.28/lib -Wl,-rpath -Wl,/nix/store/jwws8kb2mfphcmxhlzh03ikz98hlap3d-libxcrypt-4.5.2/lib
libtool: link: cc -g -O2 -o .libs/slapd-mtread slapd-mtread.o slapd-common.o  ../../libraries/liblutil/liblutil.a ../../libraries/libldap/.libs/libldap.so /build/openldap-2.6.13/libraries/liblber/.libs/liblber.so ../../libraries/liblber/.libs/liblber.so /nix/store/rvmiyjr19b6dngxcq7svg7d6gn904pfc-cyrus-sasl-2.1.28/lib/libsasl2.so -lssl -lcrypto /nix/store/jwws8kb2mfphcmxhlzh03ikz98hlap3d-libxcrypt-4.5.2/lib/libcrypt.so -Wl,-rpath -Wl,/nix/store/1396zxgd6hvrha86jwvr5c7h885y1v6k-openldap-2.6.13/lib -Wl,-rpath -Wl,/nix/store/rvmiyjr19b6dngxcq7svg7d6gn904pfc-cyrus-sasl-2.1.28/lib -Wl,-rpath -Wl,/nix/store/jwws8kb2mfphcmxhlzh03ikz98hlap3d-libxcrypt-4.5.2/lib
libtool: link: cc -g -O2 -o .libs/slapd-watcher slapd-watcher.o slapd-common.o  ../../libraries/liblutil/liblutil.a ../../libraries/libldap/.libs/libldap.so /build/openldap-2.6.13/libraries/liblber/.libs/liblber.so ../../libraries/liblber/.libs/liblber.so /nix/store/rvmiyjr19b6dngxcq7svg7d6gn904pfc-cyrus-sasl-2.1.28/lib/libsasl2.so -lssl -lcrypto /nix/store/jwws8kb2mfphcmxhlzh03ikz98hlap3d-libxcrypt-4.5.2/lib/libcrypt.so -Wl,-rpath -Wl,/nix/store/1396zxgd6hvrha86jwvr5c7h885y1v6k-openldap-2.6.13/lib -Wl,-rpath -Wl,/nix/store/rvmiyjr19b6dngxcq7svg7d6gn904pfc-cyrus-sasl-2.1.28/lib -Wl,-rpath -Wl,/nix/store/jwws8kb2mfphcmxhlzh03ikz98hlap3d-libxcrypt-4.5.2/lib
make[2]: Leaving directory '/build/openldap-2.6.13/tests/progs'
 
make[1]: Leaving directory '/build/openldap-2.6.13/tests'
 
  Entering subdirectory doc
make[1]: Entering directory '/build/openldap-2.6.13/doc'
Making all in /build/openldap-2.6.13/doc
  Entering subdirectory man
make[2]: Entering directory '/build/openldap-2.6.13/doc/man'
Making all in /build/openldap-2.6.13/doc/man
  Entering subdirectory man1
make[3]: Entering directory '/build/openldap-2.6.13/doc/man/man1'
PAGES=`cd .; echo *.1`; \
for page in $PAGES; do \
	sed -e "s%LDVERSION%2.6.13%" \
		-e 's%ETCDIR%/etc%g' \
		-e 's%LOCALSTATEDIR%/nix/store/1396zxgd6hvrha86jwvr5c7h885y1v6k-openldap-2.6.13/var%' \
		-e 's%SYSCONFDIR%/etc%' \
		-e 's%DATADIR%/nix/store/1396zxgd6hvrha86jwvr5c7h885y1v6k-openldap-2.6.13/share/openldap%' \
		-e 's%SBINDIR%/nix/store/1396zxgd6hvrha86jwvr5c7h885y1v6k-openldap-2.6.13/sbin%' \
		-e 's%BINDIR%/nix/store/1396zxgd6hvrha86jwvr5c7h885y1v6k-openldap-2.6.13/bin%' \
		-e 's%LIBDIR%/nix/store/1396zxgd6hvrha86jwvr5c7h885y1v6k-openldap-2.6.13/lib%' \
		-e 's%LIBEXECDIR%/nix/store/1396zxgd6hvrha86jwvr5c7h885y1v6k-openldap-2.6.13/libexec%' \
		-e 's%MODULEDIR%/nix/store/1396zxgd6hvrha86jwvr5c7h885y1v6k-openldap-2.6.13/lib/modules%' \
		-e 's%RELEASEDATE%2026/03/09%' \
			./$page \
		| (cd .; soelim -) > $page.tmp; \
done
make[3]: Leaving directory '/build/openldap-2.6.13/doc/man/man1'
 
  Entering subdirectory man3
make[3]: Entering directory '/build/openldap-2.6.13/doc/man/man3'
PAGES=`cd .; echo *.3`; \
for page in $PAGES; do \
	sed -e "s%LDVERSION%2.6.13%" \
		-e 's%ETCDIR%/etc%g' \
		-e 's%LOCALSTATEDIR%/nix/store/1396zxgd6hvrha86jwvr5c7h885y1v6k-openldap-2.6.13/var%' \
		-e 's%SYSCONFDIR%/etc%' \
		-e 's%DATADIR%/nix/store/1396zxgd6hvrha86jwvr5c7h885y1v6k-openldap-2.6.13/share/openldap%' \
		-e 's%SBINDIR%/nix/store/1396zxgd6hvrha86jwvr5c7h885y1v6k-openldap-2.6.13/sbin%' \
		-e 's%BINDIR%/nix/store/1396zxgd6hvrha86jwvr5c7h885y1v6k-openldap-2.6.13/bin%' \
		-e 's%LIBDIR%/nix/store/1396zxgd6hvrha86jwvr5c7h885y1v6k-openldap-2.6.13/lib%' \
		-e 's%LIBEXECDIR%/nix/store/1396zxgd6hvrha86jwvr5c7h885y1v6k-openldap-2.6.13/libexec%' \
		-e 's%MODULEDIR%/nix/store/1396zxgd6hvrha86jwvr5c7h885y1v6k-openldap-2.6.13/lib/modules%' \
		-e 's%RELEASEDATE%2026/03/09%' \
			./$page \
		| (cd .; soelim -) > $page.tmp; \
done
make[3]: Leaving directory '/build/openldap-2.6.13/doc/man/man3'
 
  Entering subdirectory man5
make[3]: Entering directory '/build/openldap-2.6.13/doc/man/man5'
PAGES=`cd .; echo *.5`; \
for page in $PAGES; do \
	sed -e "s%LDVERSION%2.6.13%" \
		-e 's%ETCDIR%/etc%g' \
		-e 's%LOCALSTATEDIR%/nix/store/1396zxgd6hvrha86jwvr5c7h885y1v6k-openldap-2.6.13/var%' \
		-e 's%SYSCONFDIR%/etc%' \
		-e 's%DATADIR%/nix/store/1396zxgd6hvrha86jwvr5c7h885y1v6k-openldap-2.6.13/share/openldap%' \
		-e 's%SBINDIR%/nix/store/1396zxgd6hvrha86jwvr5c7h885y1v6k-openldap-2.6.13/sbin%' \
		-e 's%BINDIR%/nix/store/1396zxgd6hvrha86jwvr5c7h885y1v6k-openldap-2.6.13/bin%' \
		-e 's%LIBDIR%/nix/store/1396zxgd6hvrha86jwvr5c7h885y1v6k-openldap-2.6.13/lib%' \
		-e 's%LIBEXECDIR%/nix/store/1396zxgd6hvrha86jwvr5c7h885y1v6k-openldap-2.6.13/libexec%' \
		-e 's%MODULEDIR%/nix/store/1396zxgd6hvrha86jwvr5c7h885y1v6k-openldap-2.6.13/lib/modules%' \
		-e 's%RELEASEDATE%2026/03/09%' \
			./$page \
		| (cd .; soelim -) > $page.tmp; \
done
make[3]: Leaving directory '/build/openldap-2.6.13/doc/man/man5'
 
  Entering subdirectory man8
make[3]: Entering directory '/build/openldap-2.6.13/doc/man/man8'
PAGES=`cd .; echo *.8`; \
for page in $PAGES; do \
	sed -e "s%LDVERSION%2.6.13%" \
		-e 's%ETCDIR%/etc%g' \
		-e 's%LOCALSTATEDIR%/nix/store/1396zxgd6hvrha86jwvr5c7h885y1v6k-openldap-2.6.13/var%' \
		-e 's%SYSCONFDIR%/etc%' \
		-e 's%DATADIR%/nix/store/1396zxgd6hvrha86jwvr5c7h885y1v6k-openldap-2.6.13/share/openldap%' \
		-e 's%SBINDIR%/nix/store/1396zxgd6hvrha86jwvr5c7h885y1v6k-openldap-2.6.13/sbin%' \
		-e 's%BINDIR%/nix/store/1396zxgd6hvrha86jwvr5c7h885y1v6k-openldap-2.6.13/bin%' \
		-e 's%LIBDIR%/nix/store/1396zxgd6hvrha86jwvr5c7h885y1v6k-openldap-2.6.13/lib%' \
		-e 's%LIBEXECDIR%/nix/store/1396zxgd6hvrha86jwvr5c7h885y1v6k-openldap-2.6.13/libexec%' \
		-e 's%MODULEDIR%/nix/store/1396zxgd6hvrha86jwvr5c7h885y1v6k-openldap-2.6.13/lib/modules%' \
		-e 's%RELEASEDATE%2026/03/09%' \
			./$page \
		| (cd .; soelim -) > $page.tmp; \
done
make[3]: Leaving directory '/build/openldap-2.6.13/doc/man/man8'
 
make[2]: Leaving directory '/build/openldap-2.6.13/doc/man'
 
make[1]: Leaving directory '/build/openldap-2.6.13/doc'
 
make: Entering directory '/build/openldap-2.6.13/contrib/slapd-modules/passwd/sha2'
../../../../libtool --mode=compile gcc  -g -O2   -I../../../../include -I../../../../include -I../../../../servers/slapd -c slapd-sha2.c
libtool: compile:  gcc -g -O2 -I../../../../include -I../../../../include -I../../../../servers/slapd -c slapd-sha2.c  -fPIC -DPIC -o .libs/slapd-sha2.o
../../../../libtool --mode=compile gcc  -g -O2   -I../../../../include -I../../../../include -I../../../../servers/slapd -c sha2.c
libtool: compile:  gcc -g -O2 -I../../../../include -I../../../../include -I../../../../servers/slapd -c sha2.c  -fPIC -DPIC -o .libs/sha2.o
../../../../libtool --mode=link gcc  -version-info 0:0:0 -rpath /nix/store/1396zxgd6hvrha86jwvr5c7h885y1v6k-openldap-2.6.13/lib/modules -module -o pw-sha2.la slapd-sha2.lo sha2.lo  ../../../../libraries/libldap/libldap.la ../../../../libraries/liblber/liblber.la
libtool: link: gcc -shared  -fPIC -DPIC  .libs/slapd-sha2.o .libs/sha2.o   -Wl,-rpath -Wl,/build/openldap-2.6.13/libraries/libldap/.libs -Wl,-rpath -Wl,/build/openldap-2.6.13/libraries/liblber/.libs -Wl,-rpath -Wl,/nix/store/rvmiyjr19b6dngxcq7svg7d6gn904pfc-cyrus-sasl-2.1.28/lib -Wl,-rpath -Wl,/nix/store/1396zxgd6hvrha86jwvr5c7h885y1v6k-openldap-2.6.13/lib -Wl,-rpath -Wl,/nix/store/rvmiyjr19b6dngxcq7svg7d6gn904pfc-cyrus-sasl-2.1.28/lib -L/build/openldap-2.6.13/libraries/liblber/.libs ../../../../libraries/libldap/.libs/libldap.so -L/nix/store/rvmiyjr19b6dngxcq7svg7d6gn904pfc-cyrus-sasl-2.1.28/lib /build/openldap-2.6.13/libraries/liblber/.libs/liblber.so /nix/store/rvmiyjr19b6dngxcq7svg7d6gn904pfc-cyrus-sasl-2.1.28/lib/libsasl2.so -lssl -lcrypto ../../../../libraries/liblber/.libs/liblber.so    -Wl,-soname -Wl,pw-sha2.so.0 -o .libs/pw-sha2.so.0.0.0
libtool: link: (cd ".libs" && rm -f "pw-sha2.so.0" && ln -s "pw-sha2.so.0.0.0" "pw-sha2.so.0")
libtool: link: (cd ".libs" && rm -f "pw-sha2.so" && ln -s "pw-sha2.so.0.0.0" "pw-sha2.so")
libtool: link: ( cd ".libs" && rm -f "pw-sha2.la" && ln -s "../pw-sha2.la" "pw-sha2.la" )
make: Leaving directory '/build/openldap-2.6.13/contrib/slapd-modules/passwd/sha2'
make: Entering directory '/build/openldap-2.6.13/contrib/slapd-modules/passwd/pbkdf2'
../../../../libtool --mode=compile gcc  -g -O2   -I../../../../include -I../../../../include -I../../../../servers/slapd  -c pw-pbkdf2.c
libtool: compile:  gcc -g -O2 -I../../../../include -I../../../../include -I../../../../servers/slapd -c pw-pbkdf2.c  -fPIC -DPIC -o .libs/pw-pbkdf2.o
../../../../libtool --mode=link gcc  -version-info 0:0:0 -rpath /nix/store/1396zxgd6hvrha86jwvr5c7h885y1v6k-openldap-2.6.13/lib/modules -module -o pw-pbkdf2.la pw-pbkdf2.lo  ../../../../libraries/libldap/libldap.la ../../../../libraries/liblber/liblber.la -lcrypto
libtool: link: gcc -shared  -fPIC -DPIC  .libs/pw-pbkdf2.o   -Wl,-rpath -Wl,/build/openldap-2.6.13/libraries/libldap/.libs -Wl,-rpath -Wl,/build/openldap-2.6.13/libraries/liblber/.libs -Wl,-rpath -Wl,/nix/store/rvmiyjr19b6dngxcq7svg7d6gn904pfc-cyrus-sasl-2.1.28/lib -Wl,-rpath -Wl,/nix/store/1396zxgd6hvrha86jwvr5c7h885y1v6k-openldap-2.6.13/lib -Wl,-rpath -Wl,/nix/store/rvmiyjr19b6dngxcq7svg7d6gn904pfc-cyrus-sasl-2.1.28/lib -L/build/openldap-2.6.13/libraries/liblber/.libs ../../../../libraries/libldap/.libs/libldap.so -L/nix/store/rvmiyjr19b6dngxcq7svg7d6gn904pfc-cyrus-sasl-2.1.28/lib /build/openldap-2.6.13/libraries/liblber/.libs/liblber.so /nix/store/rvmiyjr19b6dngxcq7svg7d6gn904pfc-cyrus-sasl-2.1.28/lib/libsasl2.so -lssl ../../../../libraries/liblber/.libs/liblber.so -lcrypto    -Wl,-soname -Wl,pw-pbkdf2.so.0 -o .libs/pw-pbkdf2.so.0.0.0
libtool: link: (cd ".libs" && rm -f "pw-pbkdf2.so.0" && ln -s "pw-pbkdf2.so.0.0.0" "pw-pbkdf2.so.0")
libtool: link: (cd ".libs" && rm -f "pw-pbkdf2.so" && ln -s "pw-pbkdf2.so.0.0.0" "pw-pbkdf2.so")
libtool: link: ( cd ".libs" && rm -f "pw-pbkdf2.la" && ln -s "../pw-pbkdf2.la" "pw-pbkdf2.la" )
make: Leaving directory '/build/openldap-2.6.13/contrib/slapd-modules/passwd/pbkdf2'
make: Entering directory '/build/openldap-2.6.13/contrib/slapd-modules/passwd/totp'
../../../../libtool --mode=compile gcc  -g -O2   -I../../../../include -I../../../../include -I../../../../servers/slapd -c slapd-totp.c
libtool: compile:  gcc -g -O2 -I../../../../include -I../../../../include -I../../../../servers/slapd -c slapd-totp.c  -fPIC -DPIC -o .libs/slapd-totp.o
[01m[Kslapd-totp.c:[m[K In function '[01m[Kdo_hmac[m[K':
[01m[Kslapd-totp.c:367:9:[m[K [01;35m[Kwarning: [m[K'[01m[KHMAC_CTX_new[m[K' is deprecated: Since OpenSSL 3.0 [[01;35m[K]8;;https://gcc.gnu.org/onlinedocs/gcc-15.2.0/gcc/Warning-Options.html#index-Wdeprecated-declarations-Wdeprecated-declarations]8;;[m[K]
  367 |         [01;35m[KHMAC_setup[m[K(ctx, key->mv_val, key->mv_len, hash);
      |         [01;35m[K^~~~~~~~~~[m[K
In file included from [01m[Kslapd-totp.c:38[m[K:
[01m[K/nix/store/45kp2zmmhrwys6fiyxm9alqh8dsjq7af-openssl-3.6.2-dev/include/openssl/hmac.h:33:33:[m[K [01;36m[Knote: [m[Kdeclared here
   33 | OSSL_DEPRECATEDIN_3_0 HMAC_CTX *[01;36m[KHMAC_CTX_new[m[K(void);
      |                                 [01;36m[K^~~~~~~~~~~~[m[K
[01m[Kslapd-totp.c:367:9:[m[K [01;35m[Kwarning: [m[K'[01m[KHMAC_Init_ex[m[K' is deprecated: Since OpenSSL 3.0 [[01;35m[K]8;;https://gcc.gnu.org/onlinedocs/gcc-15.2.0/gcc/Warning-Options.html#index-Wdeprecated-declarations-Wdeprecated-declarations]8;;[m[K]
  367 |         [01;35m[KHMAC_setup[m[K(ctx, key->mv_val, key->mv_len, hash);
      |         [01;35m[K^~~~~~~~~~[m[K
[01m[K/nix/store/45kp2zmmhrwys6fiyxm9alqh8dsjq7af-openssl-3.6.2-dev/include/openssl/hmac.h:43:27:[m[K [01;36m[Knote: [m[Kdeclared here
   43 | OSSL_DEPRECATEDIN_3_0 int [01;36m[KHMAC_Init_ex[m[K(HMAC_CTX *ctx, const void *key, int len,
      |                           [01;36m[K^~~~~~~~~~~~[m[K
[01m[Kslapd-totp.c:368:9:[m[K [01;35m[Kwarning: [m[K'[01m[KHMAC_Update[m[K' is deprecated: Since OpenSSL 3.0 [[01;35m[K]8;;https://gcc.gnu.org/onlinedocs/gcc-15.2.0/gcc/Warning-Options.html#index-Wdeprecated-declarations-Wdeprecated-declarations]8;;[m[K]
  368 |         [01;35m[KHMAC_crunch[m[K(ctx, data->mv_val, data->mv_len);
      |         [01;35m[K^~~~~~~~~~~[m[K
[01m[K/nix/store/45kp2zmmhrwys6fiyxm9alqh8dsjq7af-openssl-3.6.2-dev/include/openssl/hmac.h:45:27:[m[K [01;36m[Knote: [m[Kdeclared here
   45 | OSSL_DEPRECATEDIN_3_0 int [01;36m[KHMAC_Update[m[K(HMAC_CTX *ctx, const unsigned char *data,
      |                           [01;36m[K^~~~~~~~~~~[m[K
[01m[Kslapd-totp.c:369:9:[m[K [01;35m[Kwarning: [m[K'[01m[KHMAC_Final[m[K' is deprecated: Since OpenSSL 3.0 [[01;35m[K]8;;https://gcc.gnu.org/onlinedocs/gcc-15.2.0/gcc/Warning-Options.html#index-Wdeprecated-declarations-Wdeprecated-declarations]8;;[m[K]
  369 |         [01;35m[KHMAC_finish[m[K(ctx, out->mv_val, digestLen);
      |         [01;35m[K^~~~~~~~~~~[m[K
[01m[K/nix/store/45kp2zmmhrwys6fiyxm9alqh8dsjq7af-openssl-3.6.2-dev/include/openssl/hmac.h:47:27:[m[K [01;36m[Knote: [m[Kdeclared here
   47 | OSSL_DEPRECATEDIN_3_0 int [01;36m[KHMAC_Final[m[K(HMAC_CTX *ctx, unsigned char *md,
      |                           [01;36m[K^~~~~~~~~~[m[K
[01m[Kslapd-totp.c:369:9:[m[K [01;35m[Kwarning: [m[K'[01m[KHMAC_CTX_free[m[K' is deprecated: Since OpenSSL 3.0 [[01;35m[K]8;;https://gcc.gnu.org/onlinedocs/gcc-15.2.0/gcc/Warning-Options.html#index-Wdeprecated-declarations-Wdeprecated-declarations]8;;[m[K]
  369 |         [01;35m[KHMAC_finish[m[K(ctx, out->mv_val, digestLen);
      |         [01;35m[K^~~~~~~~~~~[m[K
[01m[K/nix/store/45kp2zmmhrwys6fiyxm9alqh8dsjq7af-openssl-3.6.2-dev/include/openssl/hmac.h:35:28:[m[K [01;36m[Knote: [m[Kdeclared here
   35 | OSSL_DEPRECATEDIN_3_0 void [01;36m[KHMAC_CTX_free[m[K(HMAC_CTX *ctx);
      |                            [01;36m[K^~~~~~~~~~~~~[m[K
../../../../libtool --mode=link gcc  -version-info 0:0:0 -rpath /nix/store/1396zxgd6hvrha86jwvr5c7h885y1v6k-openldap-2.6.13/lib/modules -module -o pw-totp.la slapd-totp.lo  ../../../../libraries/libldap/libldap.la ../../../../libraries/liblber/liblber.la
libtool: link: gcc -shared  -fPIC -DPIC  .libs/slapd-totp.o   -Wl,-rpath -Wl,/build/openldap-2.6.13/libraries/libldap/.libs -Wl,-rpath -Wl,/build/openldap-2.6.13/libraries/liblber/.libs -Wl,-rpath -Wl,/nix/store/rvmiyjr19b6dngxcq7svg7d6gn904pfc-cyrus-sasl-2.1.28/lib -Wl,-rpath -Wl,/nix/store/1396zxgd6hvrha86jwvr5c7h885y1v6k-openldap-2.6.13/lib -Wl,-rpath -Wl,/nix/store/rvmiyjr19b6dngxcq7svg7d6gn904pfc-cyrus-sasl-2.1.28/lib -L/build/openldap-2.6.13/libraries/liblber/.libs ../../../../libraries/libldap/.libs/libldap.so -L/nix/store/rvmiyjr19b6dngxcq7svg7d6gn904pfc-cyrus-sasl-2.1.28/lib /build/openldap-2.6.13/libraries/liblber/.libs/liblber.so /nix/store/rvmiyjr19b6dngxcq7svg7d6gn904pfc-cyrus-sasl-2.1.28/lib/libsasl2.so -lssl -lcrypto ../../../../libraries/liblber/.libs/liblber.so    -Wl,-soname -Wl,pw-totp.so.0 -o .libs/pw-totp.so.0.0.0
libtool: link: (cd ".libs" && rm -f "pw-totp.so.0" && ln -s "pw-totp.so.0.0.0" "pw-totp.so.0")
libtool: link: (cd ".libs" && rm -f "pw-totp.so" && ln -s "pw-totp.so.0.0.0" "pw-totp.so")
libtool: link: ( cd ".libs" && rm -f "pw-totp.la" && ln -s "../pw-totp.la" "pw-totp.la" )
make: Leaving directory '/build/openldap-2.6.13/contrib/slapd-modules/passwd/totp'
Running phase: checkPhase
@nix { "action": "setPhase", "phase": "checkPhase" }
check flags: -j16 SHELL=/nix/store/ksdxvc92sa7h6yppixfl4xyj6632vf0x-bash-5.3p9/bin/bash CC=cc STRIP= STRIP_OPTS= prefix=/nix/store/1396zxgd6hvrha86jwvr5c7h885y1v6k-openldap-2.6.13 sysconfdir=/etc systemdsystemunitdir=/nix/store/1396zxgd6hvrha86jwvr5c7h885y1v6k-openldap-2.6.13/lib/systemd/system moduledir=/nix/store/1396zxgd6hvrha86jwvr5c7h885y1v6k-openldap-2.6.13/lib/modules mandir=/nix/store/1396zxgd6hvrha86jwvr5c7h885y1v6k-openldap-2.6.13/share/man VERBOSE=y check
cd tests && make test
make[1]: Entering directory '/build/openldap-2.6.13/tests'
make[2]: Entering directory '/build/openldap-2.6.13/tests'
Initiating LDAP tests for MDB...
Running ./scripts/all for mdb...
>>>>> 00:00:01 Executing all LDAP tests for mdb
>>>>> 00:00:01 Starting [1mtest000-rootdse[m for mdb...
running defines.sh
Starting slapd on TCP/IP port 9011...
Using ldapsearch to retrieve the root DSE...
Using ldapsearch to retrieve the cn=Subschema...
Using ldapsearch to retrieve the cn=Monitor...
dn:
objectClass: top
objectClass: OpenLDAProotDSE
structuralObjectClass: OpenLDAProotDSE
configContext: cn=config
namingContexts: o=OpenLDAP Project,l=Internet
monitorContext: cn=Monitor
supportedControl: 1.3.6.1.4.1.4203.1.9.1.1
supportedControl: 2.16.840.1.113730.3.4.5
supportedControl: 2.16.840.1.113730.3.4.4
supportedControl: 1.3.6.1.4.1.42.2.27.9.5.8
supportedControl: 1.3.6.1.4.1.42.2.27.8.5.1
supportedControl: 2.16.840.1.113730.3.4.18
supportedControl: 2.16.840.1.113730.3.4.2
supportedControl: 1.3.6.1.4.1.4203.1.10.1
supportedControl: 1.3.6.1.1.22
supportedControl: 1.2.840.113556.1.4.319
supportedControl: 1.2.826.0.1.3344810.2.3
supportedControl: 1.3.6.1.1.13.2
supportedControl: 1.3.6.1.1.13.1
supportedControl: 1.3.6.1.1.12
supportedExtension: 1.3.6.1.4.1.4203.1.11.1
supportedExtension: 1.3.6.1.4.1.4203.1.11.3
supportedExtension: 1.3.6.1.1.8
supportedExtension: 1.3.6.1.1.21.3
supportedExtension: 1.3.6.1.1.21.1
supportedFeatures: 1.3.6.1.1.14
supportedFeatures: 1.3.6.1.4.1.4203.1.5.1
supportedFeatures: 1.3.6.1.4.1.4203.1.5.2
supportedFeatures: 1.3.6.1.4.1.4203.1.5.3
supportedFeatures: 1.3.6.1.4.1.4203.1.5.4
supportedFeatures: 1.3.6.1.4.1.4203.1.5.5
supportedLDAPVersion: 3
supportedSASLMechanisms: SCRAM-SHA-512
supportedSASLMechanisms: SCRAM-SHA-384
supportedSASLMechanisms: SCRAM-SHA-256
supportedSASLMechanisms: SCRAM-SHA-224
supportedSASLMechanisms: SCRAM-SHA-1
supportedSASLMechanisms: GS2-KRB5
supportedSASLMechanisms: GS2-IAKERB
supportedSASLMechanisms: GSS-SPNEGO
supportedSASLMechanisms: GSSAPI
supportedSASLMechanisms: DIGEST-MD5
supportedSASLMechanisms: OTP
supportedSASLMechanisms: CRAM-MD5
vendorName: The OpenLDAP Project <http://www.openldap.org/>
entryDN:
subschemaSubentry: cn=Subschema

dn: cn=Subschema
objectClass: top
objectClass: subentry
objectClass: subschema
objectClass: extensibleObject
cn: Subschema

dn: cn=Monitor
objectClass: monitorServer
cn: Monitor
description: This subtree contains monitoring/managing objects.
description: This object contains information about this server.
description: Most of the information is held in operational attributes, which 
 must be explicitly requested.
monitoredInfo: OpenLDAP: slapd 2.6.13 (Mar  9 2026 17:45:44)

>>>>> Test succeeded
>>>>> 00:00:02 Finished test000-rootdse for mdb after 1 seconds.

>>>>> 00:00:02 Starting [1mtest001-slapadd[m for mdb...
running defines.sh
Running slapadd to build slapd database...
Starting slapd on TCP/IP port 9011...
Using ldapsearch to retrieve all the entries...
Filtering ldapsearch results...
Filtering original ldif used to create database...
Comparing filter output...
Running slapadd with unordered LDIF...
Starting slapd on TCP/IP port 9011...
Using ldapsearch to retrieve all the entries...
Filtering ldapsearch results...
Filtering original ldif used to create database...
Comparing filter output...
>>>>> Test succeeded
>>>>> 00:00:05 Finished test001-slapadd for mdb after 3 seconds.

>>>>> 00:00:05 Starting [1mtest002-populate[m for mdb...
running defines.sh
Starting slapd on TCP/IP port 9011...
Using ldapsearch to check that slapd is running...
Using ldapadd to populate the database...
Using ldapsearch to read all the entries...
Filtering ldapsearch results...
Filtering original ldif used to create database...
Comparing filter output...
>>>>> Test succeeded
>>>>> 00:00:06 Finished test002-populate for mdb after 1 seconds.

>>>>> 00:00:06 Starting [1mtest003-search[m for mdb...
running defines.sh
Running slapadd to build slapd database...
Running slapindex to index slapd database...
Starting slapd on TCP/IP port 9011...
Testing slapd searching...
Testing exact searching...
Testing approximate searching...
Testing OR searching...
Testing AND matching and ends-with searching...
Testing NOT searching...
Testing objectClass/attributeType inheritance ...
Filtering ldapsearch results...
Filtering original ldif used to create database...
Comparing filter output...
>>>>> Test succeeded
>>>>> 00:00:07 Finished test003-search for mdb after 1 seconds.

>>>>> 00:00:07 Starting [1mtest004-modify[m for mdb...
running defines.sh
Running slapadd to build slapd database...
Starting slapd on TCP/IP port 9011...
Testing slapd modify operations...
Testing modify, add, and delete...
ldap_initialize( ldap://localhost:9011/??base )
Using ldapmodify to add an empty entry (should fail with protocolError)...
	ldapmodify failed (2)
Using ldapsearch to retrieve all the entries...
Filtering ldapsearch results...
Filtering original ldif used to create database...
Comparing filter output...
>>>>> Test succeeded
>>>>> 00:00:09 Finished test004-modify for mdb after 2 seconds.

>>>>> 00:00:09 Starting [1mtest005-modrdn[m for mdb...
running defines.sh
Running slapadd to build slapd database...
Starting slapd on TCP/IP port 9011...
Testing slapd modrdn operations...
Testing modrdn(deleteoldrdn=0)...
Testing modrdn(deleteoldrdn=1)...
Using ldapsearch to retrieve entries using new rdn (cn=James A Jones III)...
Filtering ldapsearch results...
Filtering original ldif used to create database...
Comparing filter output...
Using ldapsearch to retrieve entries using new rdn (cn=James A Jones II)...
Filtering ldapsearch results...
Filtering original ldif used to create database...
Comparing filter output...
Using ldapsearch to retrieve entries using removed rdn (cn=James A Jones 2)...
Using ldapsearch to retrieve all the entries...
Filtering ldapsearch results...
Filtering original ldif used to create database...
Comparing filter output...
Testing modrdn(deleteoldrdn=1), modrdn with new rdn already an att val...
Using ldapsearch to retrieve entries using new rdn (cn=James A Jones 1)...
Filtering ldapsearch results...
Filtering original ldif used to create database...
Comparing filter output...
Testing modrdn to another database (should fail with affectsMultipleDSAs)
Testing modrdn with newSuperior = target (should fail with unwillingToPerform)
Testing modrdn with newRdn exact same as target...
Testing modrdn with newRdn same as target, changed case...
>>>>> Test succeeded
>>>>> 00:00:10 Finished test005-modrdn for mdb after 1 seconds.

>>>>> 00:00:10 Starting [1mtest006-acls[m for mdb...
running defines.sh
Running slapadd to build slapd database...
Starting slapd on TCP/IP port 9011...
Testing slapd access control...
Using ldapsearch to retrieve all the entries...
Filtering ldapsearch results...
Filtering original ldif used to create database...
Comparing filter output...
>>>>> Test succeeded
>>>>> 00:00:12 Finished test006-acls for mdb after 2 seconds.

>>>>> 00:00:12 Starting [1mtest007-slapmodify[m for mdb...
running defines.sh
Running slapadd to build slapd database...
Testing modify, add, and delete using slapmodify...
Starting slapd on TCP/IP port 9011...
Using ldapsearch to retrieve all the entries...
Filtering ldapsearch results...
Filtering original ldif used to create database...
Comparing filter output...
>>>>> Test succeeded
>>>>> 00:00:13 Finished test007-slapmodify for mdb after 1 seconds.

>>>>> 00:00:13 Starting [1mtest008-concurrency[m for mdb...
running defines.sh
Running slapadd to build slapd database...
Starting slapd on TCP/IP port 9011...
Using ldapsearch to check that slapd is running...
SRCDIR ./testdata
DSTDIR /build/openldap-2.6.13/tests/testrun
pwd /build/openldap-2.6.13/tests
Using tester for concurrent server access...
PID=21105 - Modify(50): entry="cn=James A Jones 1,ou=Alumni Association,ou=People,dc=example,dc=com".
PID=21082 - Search(500): base="dc=example,dc=com" scope=sub filter="(cn=Barbara Jensen)" attrs=cn (more...).
PID=21085 - Modify(50): entry="cn=Barbara Jensen,ou=Information Technology Division,ou=People,dc=example,dc=com".
PID=21092 - Add/Delete(50): entry="cn=James A Jones 4,ou=People,dc=example,dc=com".
PID=21084 - Modrdn(50): entry="cn=Dorothy Stevens,ou=Alumni Association,ou=People,dc=example,dc=com".
PID=21088 - Search(500): base="ou=people,dc=example,dc=com" scope=sub filter="(cn=Bjorn Jensen)" attrs=cn (more...).
PID=21087 - Bind(1000): dn="cn=Barbara Jensen,ou=Information Technology Division,ou=People,dc=example,dc=com".
PID=21140 - Bind(1000): base="ou=People,dc=example,dc=com", filter="(userPassword=*)" attr="userPassword".
  PID=21140 - Bind base="ou=People,dc=example,dc=com" filter="(userPassword=*)" got 3 values.
PID=21090 - Modrdn(50): entry="cn=John Doe,ou=Information Technology Division,ou=People,dc=example,dc=com".
PID=21089 - Read(1000): entry="cn=ITD Staff,ou=Groups,dc=example,dc=com".
PID=21096 - Search(500): base="ou=people,dc=example,dc=com" scope=sub filter="(cn=James A Jones 1)" attrs=cn (more...).
PID=21098 - Read(1000): entry="ou=Groups, dc=example,dc=com".
PID=21083 - Read(1000): entry="cn=Barbara Jensen,ou=Information Technology Division,ou=People,dc=example,dc=com".
PID=21091 - Modify(50): entry="cn=Bjorn Jensen,ou=Information Technology Division,ou=People,dc=example,dc=com".
PID=21107 - Add/Delete(50): entry="cn=James A Jones 3,ou=Alumni Association,ou=People,dc=example,dc=com".
PID=21086 - Add/Delete(50): entry="cn=James A Jones 2,ou=Alumni Association,ou=People,dc=example,dc=com".
PID=21142 - Search(500): base="dc=example,dc=com" scope=sub filter="(cn=Bjorn Jensen)" attrs=cn (more...).
PID=21095 - Bind(1000): dn="cn=Bjorn Jensen,ou=Information Technology Division,ou=People,dc=example,dc=com".
PID=21102 - Modrdn(50): entry="cn=Ursula Hampster,ou=Alumni Association,ou=People,dc=example,dc=com".
PID=21143 - Read(1000): entry="ou=Alumni Association, ou=People, dc=example,dc=com".
  PID=21082 - Search done (0).
PID=22056 - Modrdn(50): entry="cn=James A Jones 2,ou=Information Technology Division,ou=People,dc=example,dc=com".
  PID=21088 - Search done (0).
PID=22070 - Modify(50): entry="cn=ITD Staff,ou=Groups,dc=example,dc=com".
  PID=21096 - Search done (0).
  PID=21142 - Search done (0).
PID=22084 - Add/Delete(50): entry="cn=James A Jones 5,dc=example,dc=com".
PID=22098 - Bind(1000): dn="cn=Barbara Jensen,ou=Information Technology Division,ou=People,dc=example,dc=com".
  PID=21087 - Bind done (0).
  PID=21140 - Bind done 1000 in 0.433930 seconds.
PID=22112 - Search(500): base="dc=example,dc=com" scope=sub filter="(cn=Alumni Assoc Staff)" attrs=cn (more...).
PID=22115 - Read(1000): entry="cn=James A Jones 1, ou=Alumni Association, ou=People, dc=example,dc=com".
  PID=21095 - Bind done (0).
PID=22140 - Bind(1000): dn="cn=Bjorn Jensen,ou=Information Technology Division,ou=People,dc=example,dc=com".
  PID=21089 - Read done (0).
  PID=21098 - Read done (0).
PID=22154 - Search(500): base="dc=example,dc=com" scope=sub filter="(cn=James*)" attrs=cn (more...).
  PID=21083 - Read done (0).
PID=22168 - Read(1000): entry="cn=Backend 1,cn=Backends,cn=Monitor".
PID=22175 - Bind(1000): base="ou=People,dc=example,dc=com", filter="(userPassword=*)" attr="userPassword".
  PID=22175 - Bind base="ou=People,dc=example,dc=com" filter="(userPassword=*)" got 5 values.
slapd-bind PID=22175: ldap_sasl_bind_s: Invalid credentials (49)  
  PID=21143 - Read done (0).
PID=22196 - Search(500): base="cn=Monitor" scope=sub filter="(objectClass=*)" attrs=cn (more...).
  PID=22112 - Search done (0).
PID=22210 - Read(1000): entry="cn=Entries,cn=Statistics,cn=Monitor".
  PID=22098 - Bind done (0).
PID=22224 - Bind(1000): dn="cn=Barbara Jensen,ou=Information Technology Division,ou=People,dc=example,dc=com".
  PID=22154 - Search done (0).
PID=22238 - Search(500): base="cn=Monitor" scope=sub filter="(objectClass=*)" attrs=cn (more...).
  PID=22115 - Read done (0).
PID=22252 - Read(1000): entry="cn=Database 1,cn=Databases,cn=Monitor".
  PID=22140 - Bind done (0).
PID=22266 - Bind(1000): dn="cn=Bjorn Jensen,ou=Information Technology Division,ou=People,dc=example,dc=com".
  PID=22175 - Bind done 1000 in 0.986161 seconds.
PID=22280 - Search(500): base="cn=Monitor" scope=sub filter="(objectClass=*)" attrs=cn (more...).
  PID=21105 - Modify done (0).
PID=22294 - Read(1000): entry="cn=Barbara Jensen,ou=Information Technology Division,ou=People,dc=example,dc=com".
  PID=21084 - Modrdn done (0).
  PID=21092 - Add/Delete done (0).
PID=22308 - Bind(1000): base="ou=People,dc=example,dc=com", filter="(userPassword=*)" attr="userPassword".
  PID=22308 - Bind base="ou=People,dc=example,dc=com" filter="(userPassword=*)" got 4 values.
  PID=21085 - Modify done (0).
PID=22322 - Search(500): base="cn=Monitor" scope=sub filter="(objectClass=*)" attrs=cn (more...).
slapd-bind PID=22308: ldap_sasl_bind_s: Invalid credentials (49)  
PID=22332 - Read(1000): entry="cn=ITD Staff,ou=Groups,dc=example,dc=com".
  PID=21090 - Modrdn done (0).
PID=22350 - Bind(1000): dn="cn=Barbara Jensen,ou=Information Technology Division,ou=People,dc=example,dc=com".
  PID=21091 - Modify done (0).
  PID=21107 - Add/Delete done (0).
  PID=21102 - Modrdn done (0).
PID=22364 - Search(500): base="dc=example,dc=com" scope=sub filter="(cn=Barbara Jensen)" attrs=cn (more...).
PID=22371 - Read(1000): entry="ou=Groups, dc=example,dc=com".
  PID=21086 - Add/Delete done (0).
PID=22388 - Bind(1000): dn="cn=Bjorn Jensen,ou=Information Technology Division,ou=People,dc=example,dc=com".
PID=22406 - Search(500): base="ou=people,dc=example,dc=com" scope=sub filter="(cn=Bjorn Jensen)" attrs=cn (more...).
  PID=22224 - Bind done (0).
PID=22420 - Read(1000): entry="ou=Alumni Association, ou=People, dc=example,dc=com".
  PID=22056 - Modrdn done (0).
  PID=22070 - Modify done (0).
  PID=22084 - Add/Delete done (0).
PID=22434 - Bind(1000): base="ou=People,dc=example,dc=com", filter="(userPassword=*)" attr="userPassword".
  PID=22434 - Bind base="ou=People,dc=example,dc=com" filter="(userPassword=*)" got 3 values.
PID=22444 - Search(500): base="ou=people,dc=example,dc=com" scope=sub filter="(cn=James A Jones 1)" attrs=cn (more...).
PID=22457 - Read(1000): entry="cn=James A Jones 1, ou=Alumni Association, ou=People, dc=example,dc=com".
  PID=22266 - Bind done (0).
PID=22476 - Bind(1000): dn="cn=Barbara Jensen,ou=Information Technology Division,ou=People,dc=example,dc=com".
  PID=22308 - Bind done 1000 in 0.460143 seconds.
PID=22490 - Search(500): base="dc=example,dc=com" scope=sub filter="(cn=Bjorn Jensen)" attrs=cn (more...).
  PID=22364 - Search done (0).
  PID=22294 - Read done (0).
PID=22504 - Read(1000): entry="cn=Backend 1,cn=Backends,cn=Monitor".
PID=22511 - Bind(1000): dn="cn=Bjorn Jensen,ou=Information Technology Division,ou=People,dc=example,dc=com".
  PID=22406 - Search done (0).
PID=22532 - Search(500): base="dc=example,dc=com" scope=sub filter="(cn=Alumni Assoc Staff)" attrs=cn (more...).
  PID=22332 - Read done (0).
PID=22546 - Read(1000): entry="cn=Entries,cn=Statistics,cn=Monitor".
  PID=22350 - Bind done (0).
PID=22560 - Bind(1000): base="ou=People,dc=example,dc=com", filter="(userPassword=*)" attr="userPassword".
  PID=22560 - Bind base="ou=People,dc=example,dc=com" filter="(userPassword=*)" got 3 values.
  PID=22444 - Search done (0).
PID=22574 - Search(500): base="dc=example,dc=com" scope=sub filter="(cn=James*)" attrs=cn (more...).
  PID=22388 - Bind done (0).
PID=22588 - Read(1000): entry="cn=Database 1,cn=Databases,cn=Monitor".
  PID=22371 - Read done (0).
PID=22602 - Bind(1000): dn="cn=Barbara Jensen,ou=Information Technology Division,ou=People,dc=example,dc=com".
  PID=22434 - Bind done 1000 in 0.554188 seconds.
  PID=22420 - Read done (0).
PID=22616 - Search(500): base="cn=Monitor" scope=sub filter="(objectClass=*)" attrs=cn (more...).
  PID=22490 - Search done (0).
PID=22628 - Read(1000): entry="cn=Barbara Jensen,ou=Information Technology Division,ou=People,dc=example,dc=com".
PID=22644 - Bind(1000): dn="cn=Bjorn Jensen,ou=Information Technology Division,ou=People,dc=example,dc=com".
  PID=22457 - Read done (0).
  PID=22476 - Bind done (0).
  PID=22532 - Search done (0).
PID=22658 - Search(500): base="cn=Monitor" scope=sub filter="(objectClass=*)" attrs=cn (more...).
PID=22659 - Read(1000): entry="cn=ITD Staff,ou=Groups,dc=example,dc=com".
PID=22683 - Bind(1000): base="ou=People,dc=example,dc=com", filter="(userPassword=*)" attr="userPassword".
  PID=22683 - Bind base="ou=People,dc=example,dc=com" filter="(userPassword=*)" got 3 values.
  PID=22574 - Search done (0).
PID=22700 - Search(500): base="cn=Monitor" scope=sub filter="(objectClass=*)" attrs=cn (more...).
  PID=22511 - Bind done (0).
PID=22714 - Read(1000): entry="ou=Groups, dc=example,dc=com".
  PID=22560 - Bind done 1000 in 0.400745 seconds.
PID=22728 - Bind(1000): dn="cn=Barbara Jensen,ou=Information Technology Division,ou=People,dc=example,dc=com".
  PID=22602 - Bind done (0).
PID=22742 - Search(500): base="cn=Monitor" scope=sub filter="(objectClass=*)" attrs=cn (more...).
  PID=22644 - Bind done (0).
  PID=22628 - Read done (0).
PID=22756 - Read(1000): entry="ou=Alumni Association, ou=People, dc=example,dc=com".
PID=22770 - Bind(1000): dn="cn=Bjorn Jensen,ou=Information Technology Division,ou=People,dc=example,dc=com".
  PID=22683 - Bind done 1000 in 0.309215 seconds.
  PID=22659 - Read done (0).
  PID=22714 - Read done (0).
  PID=22728 - Bind done (0).
  PID=22770 - Bind done (0).
  PID=22756 - Read done (0).
  PID=22168 - Read done (0).
  PID=22196 - Search done (0).
  PID=22238 - Search done (0).
  PID=22280 - Search done (0).
  PID=22322 - Search done (0).
  PID=22210 - Read done (0).
  PID=22616 - Search done (0).
  PID=22658 - Search done (0).
  PID=22700 - Search done (0).
  PID=22742 - Search done (0).
  PID=22252 - Read done (0).
  PID=22504 - Read done (0).
  PID=22546 - Read done (0).
  PID=22588 - Read done (0).
Using ldapsearch to retrieve all the entries...
Filtering ldapsearch results...
Filtering original ldif used to create database...
Comparing filter output...
>>>>> Test succeeded
>>>>> 00:00:56 Finished test008-concurrency for mdb after 43 seconds.

>>>>> 00:00:56 Starting [1mtest009-referral[m for mdb...
running defines.sh
Running slapadd to build slapd database...
Starting provider slapd on TCP/IP port 9011...
Starting consumer slapd on TCP/IP port 9012...
Testing for provider slapd...
Testing for consumer slapd...
Testing exact searching...
Testing approximate searching...
Testing OR searching...
Testing AND matching and ends-with searching...
Testing NOT searching...
Testing objectClass/attributeType inheritance ...
Testing dontUseCopy control...
Referral (10)
Referral: ldap://localhost:9011/dc=example,dc=com??sub
ldapsearch failed as expected (10)
Filtering ldapsearch results...
Filtering original ldif used to create database...
Comparing filter output...
>>>>> Test succeeded
>>>>> 00:00:58 Finished test009-referral for mdb after 2 seconds.

>>>>> 00:00:58 Starting [1mtest010-passwd[m for mdb...
running defines.sh
Starting slapd on TCP/IP port 9011...
Using ldapsearch to check that slapd is running...
Using ldapadd to populate the database...
Using ldapsearch to verify population ...
Using ldappasswd to test a few error conditions ...
Using ldappasswd (PASS 1)  ...
Using ldappasswd (PASS 2)  ...
Logging end state with ldapsearch...
>>>>> Test succeeded
>>>>> 00:00:59 Finished test010-passwd for mdb after 1 seconds.

>>>>> 00:00:59 Starting [1mtest011-glue-slapadd[m for mdb...
running defines.sh
Running slapadd to build glued slapd databases...
Starting slapd on TCP/IP port 9011...
Using ldapsearch to retrieve all the entries...
Filtering ldapsearch results...
Filtering original ldif used to create database...
Comparing filter output...
Testing sizelimit...
>>>>> Test succeeded
>>>>> 00:01:00 Finished test011-glue-slapadd for mdb after 1 seconds.

>>>>> 00:01:00 Starting [1mtest012-glue-populate[m for mdb...
running defines.sh
Starting slapd on TCP/IP port ...
Using ldapsearch to check that slapd is running...
Using ldapadd to populate the glued database...
Using ldapsearch to read all the entries...
Filtering ldapsearch results...
Filtering original ldif used to create database...
Comparing filter output...
>>>>> Test succeeded
>>>>> 00:01:01 Finished test012-glue-populate for mdb after 1 seconds.

>>>>> 00:01:01 Starting [1mtest013-language[m for mdb...
running defines.sh
Starting slapd on TCP/IP port 9011...
Using ldapsearch to check that slapd is running...
Using ldapadd to populate the database...
Using ldapsearch to read all the entries...
Using ldapsearch to read name ...
Using ldapsearch to read name language tag ...
Using ldapsearch to read name language range ...
Filtering ldapsearch results...
Filtering language ldif ...
Comparing filter output...
>>>>> Test succeeded
>>>>> 00:01:03 Finished test013-language for mdb after 2 seconds.

>>>>> 00:01:03 Starting [1mtest014-whoami[m for mdb...
running defines.sh
Running slapadd to build slapd database...
Starting slapd on TCP/IP port ...
Using ldapsearch to check that slapd is running...
Testing ldapwhoami as anonymous...
anonymous
Testing ldapwhoami as cn=Manager,dc=example,dc=com...
dn:cn=Manager,dc=example,dc=com
Testing ldapwhoami as cn=Manager,dc=example,dc=com for anonymous...
anonymous
Testing ldapwhoami as cn=Manager,dc=example,dc=com for dn:cn=Barbara Jensen,ou=Information Technology DivisioN,ou=People,dc=example,dc=com...
dn:cn=barbara jensen,ou=information technology division,ou=people,dc=example,dc=com
Testing ldapwhoami as cn=Manager,dc=example,dc=com for u:uham...
dn:cn=ursula hampster,ou=alumni association,ou=people,dc=example,dc=com
Testing authzFrom...
Testing ldapwhoami as cn=Barbara Jensen,ou=Information Technology Division,ou=People,dc=example,dc=com for u:bjorn (dn.exact)...
dn:cn=bjorn jensen,ou=information technology division,ou=people,dc=example,dc=com
Testing ldapwhoami as cn=Mark Elliot,ou=Alumni Association,ou=People,dc=example,dc=com for u:bjorn (u)...
dn:cn=bjorn jensen,ou=information technology division,ou=people,dc=example,dc=com
Testing ldapwhoami as cn=Jennifer Smith,ou=Alumni Association,ou=People,dc=example,dc=com for u:bjorn (URI)...
dn:cn=bjorn jensen,ou=information technology division,ou=people,dc=example,dc=com
Testing ldapwhoami as cn=James A Jones 2,ou=Information Technology Division,ou=People,dc=example,dc=com for u:bjorn (group)...
dn:cn=bjorn jensen,ou=information technology division,ou=people,dc=example,dc=com
Testing ldapwhoami as cn=No One,ou=Information Technology Division,ou=People,dc=example,dc=com for u:bjorn (dn.onelevel)...
dn:cn=bjorn jensen,ou=information technology division,ou=people,dc=example,dc=com
Testing ldapwhoami as cn=Dorothy Stevens,ou=Alumni Association,ou=People,dc=example,dc=com for u:bjorn (dn.regex)...
dn:cn=bjorn jensen,ou=information technology division,ou=people,dc=example,dc=com
Testing ldapwhoami as cn=James A Jones 1,ou=Alumni Association,ou=People,dc=example,dc=com for u:bjorn (dn.children)...
dn:cn=bjorn jensen,ou=information technology division,ou=people,dc=example,dc=com
Testing ldapwhoami as cn=ITD Staff,ou=Groups,dc=example,dc=com for u:bjorn (dn.subtree)...
dn:cn=bjorn jensen,ou=information technology division,ou=people,dc=example,dc=com
Testing ldapwhoami as cn=Should Fail,dc=example,dc=com for u:bjorn (URI; should fail)...
ldap_parse_result: Proxied Authorization Denied (123)
	additional info: not authorized to assume identity
Result: Proxied Authorization Denied (123)
Additional info: not authorized to assume identity
Testing ldapwhoami as cn=Must Fail,dc=example,dc=com for u:bjorn (URI; should fail)...
ldap_parse_result: Proxied Authorization Denied (123)
	additional info: not authorized to assume identity
Result: Proxied Authorization Denied (123)
Additional info: not authorized to assume identity
Testing authzTo...
Testing ldapwhoami as cn=Bjorn Jensen,ou=Information Technology Division,ou=People,dc=example,dc=com for u:bjensen (dn.exact)...
dn:cn=barbara jensen,ou=information technology division,ou=people,dc=example,dc=com
Testing ldapwhoami as cn=Bjorn Jensen,ou=Information Technology Division,ou=People,dc=example,dc=com for u:melliot (u)...
dn:cn=mark elliot,ou=alumni association,ou=people,dc=example,dc=com
Testing ldapwhoami as cn=Bjorn Jensen,ou=Information Technology Division,ou=People,dc=example,dc=com for u:jdoe (URI)...
dn:cn=jane doe,ou=alumni association,ou=people,dc=example,dc=com
Testing ldapwhoami as cn=Bjorn Jensen,ou=Information Technology Division,ou=People,dc=example,dc=com for u:jjones (group)...
dn:cn=james a jones 2,ou=information technology division,ou=people,dc=example,dc=com
Testing ldapwhoami as cn=Bjorn Jensen,ou=Information Technology Division,ou=People,dc=example,dc=com for u:noone (dn.onelevel)...
dn:cn=no one,ou=information technology division,ou=people,dc=example,dc=com
Testing ldapwhoami as cn=Bjorn Jensen,ou=Information Technology Division,ou=People,dc=example,dc=com for u:dots (dn.regex)...
dn:cn=dorothy stevens,ou=alumni association,ou=people,dc=example,dc=com
Testing ldapwhoami as cn=Bjorn Jensen,ou=Information Technology Division,ou=People,dc=example,dc=com for u:jaj (dn.children)...
dn:cn=james a jones 1,ou=alumni association,ou=people,dc=example,dc=com
Testing ldapwhoami as cn=Bjorn Jensen,ou=Information Technology Division,ou=People,dc=example,dc=com for u:group/itd staff (dn.subtree)...
dn:cn=itd staff,ou=groups,dc=example,dc=com
Testing ldapwhoami as cn=Bjorn Jensen,ou=Information Technology Division,ou=People,dc=example,dc=com for u:fail (URI; should fail)...
ldap_parse_result: Proxied Authorization Denied (123)
	additional info: not authorized to assume identity
Result: Proxied Authorization Denied (123)
Additional info: not authorized to assume identity
Testing ldapwhoami as cn=Bjorn Jensen,ou=Information Technology Division,ou=People,dc=example,dc=com for dn:cn=Should Fail,dc=example,dc=com (URI; should fail)...
ldap_parse_result: Proxied Authorization Denied (123)
	additional info: not authorized to assume identity
Result: Proxied Authorization Denied (123)
Additional info: not authorized to assume identity
Testing ldapwhoami as cn=Bjorn Jensen,ou=Information Technology Division,ou=People,dc=example,dc=com for dn:cn=don't! (no authzTo; should fail)...
ldap_parse_result: Proxied Authorization Denied (123)
	additional info: not authorized to assume identity
Result: Proxied Authorization Denied (123)
Additional info: not authorized to assume identity
Testing ldapwhoami as dc=example,dc=com for dn:"" (dn.exact; should succeed)...
anonymous
>>>>> Test succeeded
>>>>> 00:01:04 Finished test014-whoami for mdb after 1 seconds.

>>>>> 00:01:04 Starting [1mtest015-xsearch[m for mdb...
running defines.sh
Running slapadd to build slapd database...
Running slapindex to index slapd database...
Starting slapd on TCP/IP port 9011...
Testing slapd searching...
Testing exact searching...
Testing approximate searching...
Testing OR searching...
Testing AND matching and ends-with searching...
Testing NOT searching...
Testing objectClass/attributeType inheritance ...
Testing extended RFC2254 searching:
        f=(:dn:caseIgnoreIA5Match:=example) ...
        f=(:dn:caseExactMatch:=Information Technology Division) ...
        f=(:dn:caseIgnoreSubstringsMatch:=Information Technology Division) ...
        f=(name:dn:=whatever) ...
Testing values return filter searching:
        f=(o=Example, Inc.) ...
        f=(dc=example) mv=((o:caseExactMatch:=Example, Inc.)(dc=example)) ...
        f=(dc=example) mv=((o={*)(dc=*)) ...
        f=(attributeTypes=0.9.2342.19200300.100.1.25) ...
Testing list substring searching...
Filtering ldapsearch results...
Filtering original ldif used to create database...
Comparing filter output...
>>>>> Test succeeded
>>>>> 00:01:06 Finished test015-xsearch for mdb after 2 seconds.

>>>>> 00:01:06 Starting [1mtest016-subref[m for mdb...
running defines.sh
Running slapadd to build slapd database...
Starting slapd on TCP/IP port 9011...
Testing slapd searching...
Testing ManageDsaIT searching at c=US...
Testing ManageDsaIT searching at referral object...
Testing ManageDsaIT searching below referral object...
Testing base searching at c=US...
Testing one-level searching at c=US...
Testing subtree searching at c=US...
Testing base searching at o=abc,c=US...
Testing one-level searching at o=abc,c=US...
Testing subtree searching at o=abc,c=US...
Testing base searching at uid=xxx,o=abc,c=US...
Testing one-level searching at uid=xxx,o=abc,c=US...
Testing subtree searching at uid=xxx,o=abc,c=US...
Filtering ldapsearch results...
Filtering expected LDIF for comparison...
Comparing filter output...
>>>>> Test succeeded
>>>>> 00:01:07 Finished test016-subref for mdb after 1 seconds.

>>>>> 00:01:07 Starting [1mtest017-syncreplication-refresh[m for mdb...
running defines.sh
Starting provider slapd on TCP/IP port 9011...
Using ldapsearch to check that provider slapd is running...
Using ldapadd to create the context prefix entry in the provider...
Starting consumer slapd on TCP/IP port 9012...
Using ldapsearch to check that consumer slapd is running...
Using ldapadd to populate the provider directory...
Waiting 7 seconds for syncrepl to receive changes...
Using ldapmodify to modify provider directory...
Waiting 7 seconds for syncrepl to receive changes...
Performing modrdn alone on the provider...
Waiting 7 seconds for syncrepl to receive changes...
Performing modify alone on the provider...
Waiting 7 seconds for syncrepl to receive changes...
Performing larger modify on the provider...
Waiting 7 seconds for syncrepl to receive changes...
Try updating the consumer slapd...
Using ldapsearch to read all the entries from the provider...
Using ldapsearch to read all the entries from the consumer...
Filtering provider results...
Filtering consumer results...
Comparing retrieved entries from provider and consumer...
test failed - provider and consumer databases differ
>>>>> 00:01:44 Failed   test017-syncreplication-refresh for mdb after 37 seconds
(exit 1)
make[2]: *** [Makefile:319: mdb-yes] Error 1
make[2]: Leaving directory '/build/openldap-2.6.13/tests'
make[1]: *** [Makefile:286: test] Error 2
make[1]: Leaving directory '/build/openldap-2.6.13/tests'
make: *** [Makefile:297: test] Error 2
